Workbook
Name ACTIVE_ML: Fixtures!$H$6:$I$40
Name ActiveFixtureNames: Fixtures!$H$7:$H$103
Name ActiveFixtures: Fixtures!$H$7:$I$103
Name ColorLookup_Colors: 'Color Lookup'!$B$2:$B$259
Name ColorLookup_MultiNames: 'Color Lookup'!$A$2:$A$259
Name CON_fixturesamps: Fixtures!$K$6:$L$40
Name cwd: Parameters!$B$2
Name filename: Parameters!$B$3
Name ML_FixturesAmps: Fixtures!$B$6:$C$103

Sheet Fixtures
B2: SHOW: | C2: Untitled Show
B4: Moving Light List | E4: Conventionals List | H4: Active Moving Lights | K4: Active Conventionals
B5: FIXTURES | C5: AMPS | E5: Fixtures | F5: Amps | H5: Fixture | I5: Amps | K5: Fixture | L5: Amps
B7: Acme Pixelline IP | C7: 1.75 | E7: ETC Source 4 Jnr | F7: 2.4 | I7: =IFERROR(VLOOKUP(H7,ML_FixturesAmps,2,FALSE),"") | L7: =IFERROR(VLOOKUP(K7,E7:F103,2,FALSE),"")
B8: Acme Pixelline IP x 2 | C8: 3.5 | E8: ETC Source 4 | F8: 3.5 | I8: =IFERROR(VLOOKUP(H8,ML_FixturesAmps,2,FALSE),"") | L8: =IFERROR(VLOOKUP(K8,E8:F104,2,FALSE),"")
B9: Acme Pixelline IP x 3 | C9: 5.25 | E9: ETC Source 4 PAR | F9: 2.5 | I9: =IFERROR(VLOOKUP(H9,ML_FixturesAmps,2,FALSE),"") | L9: =IFERROR(VLOOKUP(K9,E9:F105,2,FALSE),"")
E10: PAR 56 | F10: 1.25 | I10: =IFERROR(VLOOKUP(H10,ML_FixturesAmps,2,FALSE),"") | L10: =IFERROR(VLOOKUP(K10,E10:F106,2,FALSE),"")
B11: Ayrton Domino | C11: 7.5 | E11: PAR 56 Ray | F11: 2.08 | I11: =IFERROR(VLOOKUP(H11,ML_FixturesAmps,2,FALSE),"") | L11: =IFERROR(VLOOKUP(K11,E11:F107,2,FALSE),"")
B12: Ayrton Perseo | C12: 3.4 | E12: PAR 64 ACL | F12: 1.04 | I12: =IFERROR(VLOOKUP(H12,ML_FixturesAmps,2,FALSE),"") | L12: =IFERROR(VLOOKUP(K12,E12:F108,2,FALSE),"")
B13: Ayrton Perseo x 2 | C13: 6.8 | E13: PAR 64 ACL BO4 | F13: 4.16 | I13: =IFERROR(VLOOKUP(H13,ML_FixturesAmps,2,FALSE),"") | L13: =IFERROR(VLOOKUP(K13,E13:F109,2,FALSE),"")
B14: Ayrton Perseo x 3 | C14: 10.2 | E14: PAR 64 Ray | F14: 2.08 | I14: =IFERROR(VLOOKUP(H14,ML_FixturesAmps,2,FALSE),"") | L14: =IFERROR(VLOOKUP(K14,E14:F110,2,FALSE),"")
E15: PAR 64 Ray BO4 | F15: 8.32 | I15: =IFERROR(VLOOKUP(H15,ML_FixturesAmps,2,FALSE),"") | L15: =IFERROR(VLOOKUP(K15,E15:F111,2,FALSE),"")
B16: CP Mythos | C16: 3 | E16: PAR 64 | F16: 4.16 | I16: =IFERROR(VLOOKUP(H16,ML_FixturesAmps,2,FALSE),"") | L16: =IFERROR(VLOOKUP(K16,E16:F112,2,FALSE),"")
B17: CP Mythos x 2 | C17: 6 | E17: PAR 64 BO4 | F17: 16.5 | I17: =IFERROR(VLOOKUP(H17,ML_FixturesAmps,2,FALSE),"") | L17: =IFERROR(VLOOKUP(K17,E17:F113,2,FALSE),"")
B18: CP Scenious Unico | C18: 6 | E18: PAR 64 BO6 | F18: 25 | I18: =IFERROR(VLOOKUP(H18,ML_FixturesAmps,2,FALSE),"") | L18: =IFERROR(VLOOKUP(K18,E18:F114,2,FALSE),"")
B19: CP Sharpy | C19: 1.5 | E19: Mole - Duet | F19: 5.5 | I19: =IFERROR(VLOOKUP(H19,ML_FixturesAmps,2,FALSE),"") | L19: =IFERROR(VLOOKUP(K19,E19:F115,2,FALSE),"")
B20: CP Sharpy x 2 | C20: 3 | E20: Mole - 4lite | F20: 11 | I20: =IFERROR(VLOOKUP(H20,ML_FixturesAmps,2,FALSE),"") | L20: =IFERROR(VLOOKUP(K20,E20:F116,2,FALSE),"")
B21: CP Sharpy x 3 | C21: 4.5 | E21: Mole - 4lite (A) | F21: 5.5 | I21: =IFERROR(VLOOKUP(H21,ML_FixturesAmps,2,FALSE),"") | L21: =IFERROR(VLOOKUP(K21,E21:F117,2,FALSE),"")
B22: CP Sharpy Wash | C22: 2.2 | E22: Mole - 4lite (B) | F22: 5.5 | I22: =IFERROR(VLOOKUP(H22,ML_FixturesAmps,2,FALSE),"") | L22: =IFERROR(VLOOKUP(K22,E22:F118,2,FALSE),"")
B23: CP Sharpy Wash x 2 | C23: 4.4 | E23: Mole - 8lite (A) | F23: 11 | I23: =IFERROR(VLOOKUP(H23,ML_FixturesAmps,2,FALSE),"") | L23: =IFERROR(VLOOKUP(K23,E23:F119,2,FALSE),"")
B24: CP Sharpy Wash x 2 | C24: 6.6 | E24: Mole - 8lite (B) | F24: 11 | I24: =IFERROR(VLOOKUP(H24,ML_FixturesAmps,2,FALSE),"") | L24: =IFERROR(VLOOKUP(K24,E24:F120,2,FALSE),"")
B25: CP Xtylos | C25: 1.7 | E25: Mole - 8lite (C) | F25: 5.5 | I25: =IFERROR(VLOOKUP(H25,ML_FixturesAmps,2,FALSE),"") | L25: =IFERROR(VLOOKUP(K25,E25:F121,2,FALSE),"")
B26: CP Xtylos x 2 | C26: 3.4 | E26: Mole - 8lite (D) | F26: 5.5 | I26: =IFERROR(VLOOKUP(H26,ML_FixturesAmps,2,FALSE),"") | L26: =IFERROR(VLOOKUP(K26,E26:F122,2,FALSE),"")
B27: CP Xtylos x 3 | C27: 5.1 | E27: 1KW Castor | F27: 4.7 | I27: =IFERROR(VLOOKUP(H27,ML_FixturesAmps,2,FALSE),"") | L27: =IFERROR(VLOOKUP(K27,E27:F123,2,FALSE),"")
E28: 2KW Castor | F28: 8.5 | I28: =IFERROR(VLOOKUP(H28,ML_FixturesAmps,2,FALSE),"") | L28: =IFERROR(VLOOKUP(K28,E28:F124,2,FALSE),"")
B29: Chauvet Strike M | C29: 4 | I29: =IFERROR(VLOOKUP(H29,ML_FixturesAmps,2,FALSE),"") | L29: =IFERROR(VLOOKUP(K29,E29:F125,2,FALSE),"")
B30: Chauvet Strike M x 2 | C30: 8 | I30: =IFERROR(VLOOKUP(H30,ML_FixturesAmps,2,FALSE),"") | L30: =IFERROR(VLOOKUP(K30,E30:F126,2,FALSE),"")
B31: Chauvet Strike M x 3 | C31: 12 | I31: =IFERROR(VLOOKUP(H31,ML_FixturesAmps,2,FALSE),"") | L31: =IFERROR(VLOOKUP(K31,E31:F127,2,FALSE),"")
I32: =IFERROR(VLOOKUP(H32,ML_FixturesAmps,2,FALSE),"") | L32: =IFERROR(VLOOKUP(K32,E32:F128,2,FALSE),"")
B33: EK Blinder II | C33: 1 | I33: =IFERROR(VLOOKUP(H33,ML_FixturesAmps,2,FALSE),"") | L33: =IFERROR(VLOOKUP(K33,E33:F129,2,FALSE),"")
B34: EK Blinder II x 2 | C34: 2 | I34: =IFERROR(VLOOKUP(H34,ML_FixturesAmps,2,FALSE),"") | L34: =IFERROR(VLOOKUP(K34,E34:F130,2,FALSE),"")
B35: EK Blinder II x 4 | C35: 4 | I35: =IFERROR(VLOOKUP(H35,ML_FixturesAmps,2,FALSE),"") | L35: =IFERROR(VLOOKUP(K35,E35:F131,2,FALSE),"")
B36: EK Blinder II x 6 | C36: 6 | I36: =IFERROR(VLOOKUP(H36,ML_FixturesAmps,2,FALSE),"") | L36: =IFERROR(VLOOKUP(K36,E36:F132,2,FALSE),"")
I37: =IFERROR(VLOOKUP(H37,ML_FixturesAmps,2,FALSE),"") | L37: =IFERROR(VLOOKUP(K37,E37:F133,2,FALSE),"")
B38: Elation SixBar | C38: 1 | I38: =IFERROR(VLOOKUP(H38,ML_FixturesAmps,2,FALSE),"") | L38: =IFERROR(VLOOKUP(K38,E38:F134,2,FALSE),"")
B39: Elation SixBar x 2 | C39: 2 | I39: =IFERROR(VLOOKUP(H39,ML_FixturesAmps,2,FALSE),"") | L39: =IFERROR(VLOOKUP(K39,E39:F135,2,FALSE),"")
B40: Elation SixBar x 3 | C40: 3 | I40: =IFERROR(VLOOKUP(H40,ML_FixturesAmps,2,FALSE),"") | L40: =IFERROR(VLOOKUP(K40,E40:F136,2,FALSE),"")
B41: Elation SixBar x 4 | C41: 4 | H41: {=Fixture_Types[]} -> 0 | I41: 0
H42: 0 | I42: 0
B43: GLP JDC 1 | C43: 5.3 | H43: 0 | I43: 0
B44: GLP JDC 1 x 2 | C44: 10.6 | H44: 0 | I44: 0
B45: GLP X4 | C45: 1.7 | H45: 0 | I45: 0
B46: GLP X4 x2 | C46: 3.5 | H46: 0 | I46: 0
B47: GLP X4 x3 | C47: 5.2 | H47: 0 | I47: 0
B48: GLP X4 Bar20 | C48: 3 | H48: 0 | I48: 0
B49: GLP X4 Bar20 x 2 | C49: 6 | H49: 0 | I49: 0
B50: GLP X4 Bar20 x 3 | C50: 9 | H50: 0 | I50: 0
B51: GLP X4 Bar10 | C51: 2 | H51: 0 | I51: 0
B52: GLP X4 Bar10 x 2 | C52: 4 | H52: 0 | I52: 0
B53: GLP X4 Bar10 x 3 | C53: 6 | H53: 0 | I53: 0
B54: GLP X4 Bar10 x 4 | C54: 8 | H54: 0 | I54: 0
B55: GLP X4 Bar10 x 5 | C55: 10 | H55: 0 | I55: 0
H56: 0 | I56: 0
B57: MAC Viper Profile | C57: 5.5 | H57: 0 | I57: 0
B58: MAC Viper Performance | C58: 5.5 | H58: 0 | I58: 0
B59: MAC Viper AFX | C59: 5 | H59: 0 | I59: 0
B60: MAC Viper Wash DX | C60: 5 | H60: 0 | I60: 0
B61: MAC Quantum Wash | C61: 4.5 | H61: 0 | I61: 0
B62: MAC Quantum Wash x2 | C62: 9 | H62: 0 | I62: 0
B63: MAC AuraXB | C63: 1.8
B64: MAC AuraXB x 2 | C64: 3.6
B65: MAC AuraXB x 3 | C65: 5.4
B66: MAC AuraXB x 4 | C66: 7.2
B68: PRG Best Boy HP | C68: 9.5
B69: PRG BAD BOY | C69: 8
B70: PRG BAD BOY GC | C70: 9.5
B71: PRG GC T/BOX | C71: 0.5
B73: Robe BMFL Blade | C73: 6
B74: Robe Camera | C74: 1
B76: TMB Solaris Flare | C76: 4.2
B77: TMB Solaris Flare x 2 | C77: 8.4
... B89: TMB Solaris Flare Q+ x2 | C89: 10.4

Sheet DMX
C1: DMX Patch
A2: SHOW: | C2: =Fixtures!C2 -> Untitled Show
A4: Uni | B4: Source | C4: Buffer | D4: Location | E4: Type | F4: Patch | G4: Notes

Sheet SNEAK
A1: Sneak Snake Assignments
A2: SHOW: | C2: =Fixtures!C2 -> Untitled Show
A4: Location | B4: Line# | E4: Location | F4: Line#
B5: 1 | F5: 1
B6: 2 | F6: 2
B7: 3 | F7: 3
B8: 4 | F8: 4
A10: Location | B10: Line# | E10: Location | F10: Line#
B11: 1 | F11: 1
B12: 2 | F12: 2
B13: 3 | F13: 3
B14: 4 | F14: 4
A16: Location | B16: Line# | E16: Location | F16: Line#
B17: 1 | F17: 1
B18: 2 | F18: 2
B19: 3 | F19: 3
B20: 4 | F20: 4
A22: Location | B22: Line# | E22: Location | F22: Line#
B23: 1 | F23: 1
B24: 2 | F24: 2
B25: 3 | F25: 3
B26: 4 | F26: 4
A28: Location | B28: Line# | E28: Location | F28: Line#
B29: 1 | F29: 1
B30: 2 | F30: 2
B31: 3 | F31: 3
B32: 4 | F32: 4
A34: Location | B34: Line# | E34: Location | F34: Line#
B35: 1 | F35: 1
B36: 2 | F36: 2
B37: 3 | F37: 3
B38: 4 | F38: 4
A40: Location | B40: Line# | E40: Location | F40: Line#
B41: 1 | F41: 1
B42: 2 | F42: 2
B43: 3 | F43: 3
B44: 4 | F44: 4
A46: Location | B46: Line# | E46: Location | F46: Line#
B47: 1 | F47: 1
B48: 2 | F48: 2
B49: 3 | F49: 3
B50: 4 | F50: 4
A52: Location | B52: Line# | E52: Location | F52: Line#
B53: 1 | F53: 1
B54: 2 | F54: 2
B55: 3 | F55: 3
B56: 4 | F56: 4
A58: Location | B58: Line# | E58: Location | F58: Line#
B59: 1 | F59: 1
B60: 2 | F60: 2
B61: 3 | F61: 3
B62: 4 | F62: 4
A64: Location | B64: Line# | E64: Location | F64: Line#
B65: 1 | F65: 1
B66: 2 | F66: 2
B67: 3 | F67: 3
B68: 4 | F68: 4
A70: Location | B70: Line# | E70: Location | F70: Line#
B71: 1 | F71: 1
B72: 2 | F72: 2
B73: 3 | F73: 3
B74: 4 | F74: 4

Sheet Parameters
A1: name | B1: value | C1: comment
A2: cwd | B2: {=LEFT(CELL("filename"),FIND("[",CELL("filename"),1)-1)} -> C:\Users\charl\Documents\Code Projects\sidekick\assets\excel\ | C2: Unf*ckingbelievable that you have to do this just to get a relative path
A3: filename | B3: phase_reference_data.xlsx
A4: template_file_version | B4: 4 | C4: Tracks if template files are being correctly updated in the assetBundle.
A16: Template Changelog
A17: Version | B17: Changes
A18: 3 | B18: Adjusted Conditional Formatting Ranges to improve performance
A19: 4 | B19: Implemented Custom Rack assignment

Sheet Fixture Types
A1: Fixture | B1: Amps

Sheet Color Lookup
A1: Multicore Name | B1: Color
A2: DSB1 | B2: red
A3: DSB2 | B3: red
A4: DSB3 | B4: red
A5: DSB4 | B5: red
A6: DSS1 | B6: red
A7: DSS2 | B7: red
A8: MDS1 | B8: white
A9: MDS2 | B9: white
A10: MUS1 | B10: white
A11: MUS2 | B11: white
A12: US1 | B12: blue
... A84: A3.3 | B84: grey

Sheet Power Patch
A1: Rack Name | B1: Rack Type | C1: Rack Number | D1: Rack Outlet Number | E1: Combined Rack Number and Outlet | F1: Multi Name | G1: Patch Outlet | H1: Fixture Type | I1: Fixture Number | J1: Location

Sheet Rack 1
B2: SHOW | D2: =Fixtures!C2 -> Untitled Show
B3: RACK# | D3: 1
B4: NAME / TYPE | D4: =_xlfn.IFNA(_xlfn.XLOOKUP($D$3, Power_Patch[Rack Number],Power_Patch[Rack Name]), "") | F4: =_xlfn.IFNA(_xlfn.XLOOKUP($D$3, Power_Patch[Rack Number],Power_Patch[Rack Type]), "")
C5: CHL | D5: CIRCUT | E5: FIXTURE | F5: FIX. NO. | G5: LOCATION | H5: AMPS | K5: Lookup Value
B6: Loom ID | C6: 1 | D6: =B7&".1" -> .1 | E6: =_xlfn.IFNA(_xlfn.XLOOKUP($K6, Power_Patch[Combined Rack Number and Outlet],Power_Patch[Fixture Type]), "") | F6: =_xlfn.IFNA(_xlfn.XLOOKUP($K6, Power_Patch[Combined Rack Number and Outlet],Power_Patch[Fixture Number]), "") | G6: =_xlfn.IFNA(_xlfn.XLOOKUP($K6, Power_Patch[Combined Rack Number and Outlet],Power_Patch[Location]), "") | H6: =IFERROR(VLOOKUP(E6,ActiveFixtures,2,FALSE),"") | K6: =IF(ISBLANK(C6), "", $D$3&"-"&$C6) -> 1-1
B7: =_xlfn.IFNA(_xlfn.XLOOKUP($K6, Power_Patch[Combined Rack Number and Outlet],Power_Patch[Multi Name]), "") | C7: 2 | D7: =B7&".2" -> .2 | E7: =_xlfn.IFNA(_xlfn.XLOOKUP($K7, Power_Patch[Combined Rack Number and Outlet],Power_Patch[Fixture Type]), "") | F7: =_xlfn.IFNA(_xlfn.XLOOKUP($K7, Power_Patch[Combined Rack Number and Outlet],Power_Patch[Fixture Number]), "") | H7: =IFERROR(VLOOKUP(E7,ActiveFixtures,2,FALSE),"") | K7: =IF(ISBLANK(C7), "", $D$3&"-"&$C7) -> 1-2
C8: 3 | D8: =B7&".3" -> .3 | E8: =_xlfn.IFNA(_xlfn.XLOOKUP($K8, Power_Patch[Combined Rack Number and Outlet],Power_Patch[Fixture Type]), "") | F8: =_xlfn.IFNA(_xlfn.XLOOKUP($K8, Power_Patch[Combined Rack Number and Outlet],Power_Patch[Fixture Number]), "") | H8: =IFERROR(VLOOKUP(E8,ActiveFixtures,2,FALSE),"") | K8: =IF(ISBLANK(C8), "", $D$3&"-"&$C8) -> 1-3
C9: 4 | D9: =B7&".4" -> .4 | E9: =_xlfn.IFNA(_xlfn.XLOOKUP($K9, Power_Patch[Combined Rack Number and Outlet],Power_Patch[Fixture Type]), "") | F9: =_xlfn.IFNA(_xlfn.XLOOKUP($K9, Power_Patch[Combined Rack Number and Outlet],Power_Patch[Fixture Number]), "") | H9: =IFERROR(VLOOKUP(E9,ActiveFixtures,2,FALSE),"") | K9: =IF(ISBLANK(C9), "", $D$3&"-"&$C9) -> 1-4
C10: 5 | D10: =B7&".5" -> .5 | E10: =_xlfn.IFNA(_xlfn.XLOOKUP($K10, Power_Patch[Combined Rack Number and Outlet],Power_Patch[Fixture Type]), "") | F10: =_xlfn.IFNA(_xlfn.XLOOKUP($K10, Power_Patch[Combined Rack Number and Outlet],Power_Patch[Fixture Number]), "") | H10: =IFERROR(VLOOKUP(E10,ActiveFixtures,2,FALSE),"") | K10: =IF(ISBLANK(C10), "", $D$3&"-"&$C10) -> 1-5
C11: 6 | D11: =B7&".6" -> .6 | E11: =_xlfn.IFNA(_xlfn.XLOOKUP($K11, Power_Patch[Combined Rack Number and Outlet],Power_Patch[Fixture Type]), "") | F11: =_xlfn.IFNA(_xlfn.XLOOKUP($K11, Power_Patch[Combined Rack Number and Outlet],Power_Patch[Fixture Number]), "") | H11: =IFERROR(VLOOKUP(E11,ActiveFixtures,2,FALSE),"") | K11: =IF(ISBLANK(C11), "", $D$3&"-"&$C11) -> 1-6
K12: =IF(ISBLANK(C12), "", $D$3&"-"&$C12)
B13: Loom ID | C13: 7 | D13: =B14&".1" -> .1 | E13: =_xlfn.IFNA(_xlfn.XLOOKUP($K13, Power_Patch[Combined Rack Number and Outlet],Power_Patch[Fixture Type]), "") | F13: =_xlfn.IFNA(_xlfn.XLOOKUP($K13, Power_Patch[Combined Rack Number and Outlet],Power_Patch[Fixture Number]), "") | G13: =_xlfn.IFNA(_xlfn.XLOOKUP($K13, Power_Patch[Combined Rack Number and Outlet],Power_Patch[Location]), "") | H13: =IFERROR(VLOOKUP(E13,ActiveFixtures,2,FALSE),"") | K13: =IF(ISBLANK(C13), "", $D$3&"-"&$C13) -> 1-7
B14: =_xlfn.IFNA(_xlfn.XLOOKUP($K13, Power_Patch[Combined Rack Number and Outlet],Power_Patch[Multi Name]), "") | C14: 8 | D14: =B14&".2" -> .2 | E14: =_xlfn.IFNA(_xlfn.XLOOKUP($K14, Power_Patch[Combined Rack Number and Outlet],Power_Patch[Fixture Type]), "") | F14: =_xlfn.IFNA(_xlfn.XLOOKUP($K14, Power_Patch[Combined Rack Number and Outlet],Power_Patch[Fixture Number]), "") | H14: =IFERROR(VLOOKUP(E14,ActiveFixtures,2,FALSE),"") | K14: =IF(ISBLANK(C14), "", $D$3&"-"&$C14) -> 1-8
C15: 9 | D15: =B14&".3" -> .3 | E15: =_xlfn.IFNA(_xlfn.XLOOKUP($K15, Power_Patch[Combined Rack Number and Outlet],Power_Patch[Fixture Type]), "") | F15: =_xlfn.IFNA(_xlfn.XLOOKUP($K15, Power_Patch[Combined Rack Number and Outlet],Power_Patch[Fixture Number]), "") | H15: =IFERROR(VLOOKUP(E15,ActiveFixtures,2,FALSE),"") | K15: =IF(ISBLANK(C15), "", $D$3&"-"&$C15) -> 1-9
C16: 10 | D16: =B14&".4" -> .4 | E16: =_xlfn.IFNA(_xlfn.XLOOKUP($K16, Power_Patch[Combined Rack Number and Outlet],Power_Patch[Fixture Type]), "") | F16: =_xlfn.IFNA(_xlfn.XLOOKUP($K16, Power_Patch[Combined Rack Number and Outlet],Power_Patch[Fixture Number]), "") | H16: =IFERROR(VLOOKUP(E16,ActiveFixtures,2,FALSE),"") | K16: =IF(ISBLANK(C16), "", $D$3&"-"&$C16) -> 1-10
C17: 11 | D17: =B14&".5" -> .5 | E17: =_xlfn.IFNA(_xlfn.XLOOKUP($K17, Power_Patch[Combined Rack Number and Outlet],Power_Patch[Fixture Type]), "") | F17: =_xlfn.IFNA(_xlfn.XLOOKUP($K17, Power_Patch[Combined Rack Number and Outlet],Power_Patch[Fixture Number]), "") | H17: =IFERROR(VLOOKUP(E17,ActiveFixtures,2,FALSE),"") | K17: =IF(ISBLANK(C17), "", $D$3&"-"&$C17) -> 1-11
C18: 12 | D18: =B14&".6" -> .6 | E18: =_xlfn.IFNA(_xlfn.XLOOKUP($K18, Power_Patch[Combined Rack Number and Outlet],Power_Patch[Fixture Type]), "") | F18: =_xlfn.IFNA(_xlfn.XLOOKUP($K18, Power_Patch[Combined Rack Number and Outlet],Power_Patch[Fixture Number]), "") | H18: =IFERROR(VLOOKUP(E18,ActiveFixtures,2,FALSE),"") | K18: =IF(ISBLANK(C18), "", $D$3&"-"&$C18) -> 1-12
K19: =IF(ISBLANK(C19), "", $D$3&"-"&$C19)
B20: Loom ID | C20: 13 | D20: =B21&".1" -> .1 | E20: =_xlfn.IFNA(_xlfn.XLOOKUP($K20, Power_Patch[Combined Rack Number and Outlet],Power_Patch[Fixture Type]), "") | F20: =_xlfn.IFNA(_xlfn.XLOOKUP($K20, Power_Patch[Combined Rack Number and Outlet],Power_Patch[Fixture Number]), "") | G20: =_xlfn.IFNA(_xlfn.XLOOKUP($K20, Power_Patch[Combined Rack Number and Outlet],Power_Patch[Location]), "") | H20: =IFERROR(VLOOKUP(E20,ActiveFixtures,2,FALSE),"") | K20: =IF(ISBLANK(C20), "", $D$3&"-"&$C20) -> 1-13
B21: =_xlfn.IFNA(_xlfn.XLOOKUP($K20, Power_Patch[Combined Rack Number and Outlet],Power_Patch[Multi Name]), "") | C21: 14 | D21: =B21&".2" -> .2 | E21: =_xlfn.IFNA(_xlfn.XLOOKUP($K21, Power_Patch[Combined Rack Number and Outlet],Power_Patch[Fixture Type]), "") | F21: =_xlfn.IFNA(_xlfn.XLOOKUP($K21, Power_Patch[Combined Rack Number and Outlet],Power_Patch[Fixture Number]), "") | H21: =IFERROR(VLOOKUP(E21,ActiveFixtures,2,FALSE),"") | K21: =IF(ISBLANK(C21), "", $D$3&"-"&$C21) -> 1-14
C22: 15 | D22: =B21&".3" -> .3 | E22: =_xlfn.IFNA(_xlfn.XLOOKUP($K22, Power_Patch[Combined Rack Number and Outlet],Power_Patch[Fixture Type]), "") | F22: =_xlfn.IFNA(_xlfn.XLOOKUP($K22, Power_Patch[Combined Rack Number and Outlet],Power_Patch[Fixture Number]), "") | H22: =IFERROR(VLOOKUP(E22,ActiveFixtures,2,FALSE),"") | K22: =IF(ISBLANK(C22), "", $D$3&"-"&$C22) -> 1-15
C23: 16 | D23: =B21&".4" -> .4 | E23: =_xlfn.IFNA(_xlfn.XLOOKUP($K23, Power_Patch[Combined Rack Number and Outlet],Power_Patch[Fixture Type]), "") | F23: =_xlfn.IFNA(_xlfn.XLOOKUP($K23, Power_Patch[Combined Rack Number and Outlet],Power_Patch[Fixture Number]), "") | H23: =IFERROR(VLOOKUP(E23,ActiveFixtures,2,FALSE),"") | K23: =IF(ISBLANK(C23), "", $D$3&"-"&$C23) -> 1-16
C24: 17 | D24: =B21&".5" -> .5 | E24: =_xlfn.IFNA(_xlfn.XLOOKUP($K24, Power_Patch[Combined Rack Number and Outlet],Power_Patch[Fixture Type]), "") | F24: =_xlfn.IFNA(_xlfn.XLOOKUP($K24, Power_Patch[Combined Rack Number and Outlet],Power_Patch[Fixture Number]), "") | H24: =IFERROR(VLOOKUP(E24,ActiveFixtures,2,FALSE),"") | K24: =IF(ISBLANK(C24), "", $D$3&"-"&$C24) -> 1-17
C25: 18 | D25: =B21&".6" -> .6 | E25: =_xlfn.IFNA(_xlfn.XLOOKUP($K25, Power_Patch[Combined Rack Number and Outlet],Power_Patch[Fixture Type]), "") | F25: =_xlfn.IFNA(_xlfn.XLOOKUP($K25, Power_Patch[Combined Rack Number and Outlet],Power_Patch[Fixture Number]), "") | H25: =IFERROR(VLOOKUP(E25,ActiveFixtures,2,FALSE),"") | K25: =IF(ISBLANK(C25), "", $D$3&"-"&$C25) -> 1-18
K26: =IF(ISBLANK(C26), "", $D$3&"-"&$C26)
B27: Loom ID | C27: 19 | D27: =B28&".1" -> .1 | E27: =_xlfn.IFNA(_xlfn.XLOOKUP($K27, Power_Patch[Combined Rack Number and Outlet],Power_Patch[Fixture Type]), "") | F27: =_xlfn.IFNA(_xlfn.XLOOKUP($K27, Power_Patch[Combined Rack Number and Outlet],Power_Patch[Fixture Number]), "") | G27: =_xlfn.IFNA(_xlfn.XLOOKUP($K27, Power_Patch[Combined Rack Number and Outlet],Power_Patch[Location]), "") | H27: =IFERROR(VLOOKUP(E27,ActiveFixtures,2,FALSE),"") | K27: =IF(ISBLANK(C27), "", $D$3&"-"&$C27) -> 1-19
B28: =_xlfn.IFNA(_xlfn.XLOOKUP($K27, Power_Patch[Combined Rack Number and Outlet],Power_Patch[Multi Name]), "") | C28: 20 | D28: =B28&".2" -> .2 | E28: =_xlfn.IFNA(_xlfn.XLOOKUP($K28, Power_Patch[Combined Rack Number and Outlet],Power_Patch[Fixture Type]), "") | F28: =_xlfn.IFNA(_xlfn.XLOOKUP($K28, Power_Patch[Combined Rack Number and Outlet],Power_Patch[Fixture Number]), "") | H28: =IFERROR(VLOOKUP(E28,ActiveFixtures,2,FALSE),"") | K28: =IF(ISBLANK(C28), "", $D$3&"-"&$C28) -> 1-20
C29: 21 | D29: =B28&".3" -> .3 | E29: =_xlfn.IFNA(_xlfn.XLOOKUP($K29, Power_Patch[Combined Rack Number and Outlet],Power_Patch[Fixture Type]), "") | F29: =_xlfn.IFNA(_xlfn.XLOOKUP($K29, Power_Patch[Combined Rack Number and Outlet],Power_Patch[Fixture Number]), "") | H29: =IFERROR(VLOOKUP(E29,ActiveFixtures,2,FALSE),"") | K29: =IF(ISBLANK(C29), "", $D$3&"-"&$C29) -> 1-21
C30: 22 | D30: =B28&".4" -> .4 | E30: =_xlfn.IFNA(_xlfn.XLOOKUP($K30, Power_Patch[Combined Rack Number and Outlet],Power_Patch[Fixture Type]), "") | F30: =_xlfn.IFNA(_xlfn.XLOOKUP($K30, Power_Patch[Combined Rack Number and Outlet],Power_Patch[Fixture Number]), "") | H30: =IFERROR(VLOOKUP(E30,ActiveFixtures,2,FALSE),"") | K30: =IF(ISBLANK(C30), "", $D$3&"-"&$C30) -> 1-22
C31: 23 | D31: =B28&".5" -> .5 | E31: =_xlfn.IFNA(_xlfn.XLOOKUP($K31, Power_Patch[Combined Rack Number and Outlet],Power_Patch[Fixture Type]), "") | F31: =_xlfn.IFNA(_xlfn.XLOOKUP($K31, Power_Patch[Combined Rack Number and Outlet],Power_Patch[Fixture Number]), "") | H31: =IFERROR(VLOOKUP(E31,ActiveFixtures,2,FALSE),"") | K31: =IF(ISBLANK(C31), "", $D$3&"-"&$C31) -> 1-23
C32: 24 | D32: =B28&".6" -> .6 | E32: =_xlfn.IFNA(_xlfn.XLOOKUP($K32, Power_Patch[Combined Rack Number and Outlet],Power_Patch[Fixture Type]), "") | F32: =_xlfn.IFNA(_xlfn.XLOOKUP($K32, Power_Patch[Combined Rack Number and Outlet],Power_Patch[Fixture Number]), "") | H32: =IFERROR(VLOOKUP(E32,ActiveFixtures,2,FALSE),"") | K32: =IF(ISBLANK(C32), "", $D$3&"-"&$C32) -> 1-24
K33: =IF(ISBLANK(C33), "", $D$3&"-"&$C33)
B34: Loom ID | C34: 25 | D34: =B35&".1" -> .1 | E34: =_xlfn.IFNA(_xlfn.XLOOKUP($K34, Power_Patch[Combined Rack Number and Outlet],Power_Patch[Fixture Type]), "") | F34: =_xlfn.IFNA(_xlfn.XLOOKUP($K34, Power_Patch[Combined Rack Number and Outlet],Power_Patch[Fixture Number]), "") | G34: =_xlfn.IFNA(_xlfn.XLOOKUP($K34, Power_Patch[Combined Rack Number and Outlet],Power_Patch[Location]), "") | H34: =IFERROR(VLOOKUP(E34,ActiveFixtures,2,FALSE),"") | K34: =IF(ISBLANK(C34), "", $D$3&"-"&$C34) -> 1-25
B35: =_xlfn.IFNA(_xlfn.XLOOKUP($K34, Power_Patch[Combined Rack Number and Outlet],Power_Patch[Multi Name]), "") | C35: 26 | D35: =B35&".2" -> .2 | E35: =_xlfn.IFNA(_xlfn.XLOOKUP($K35, Power_Patch[Combined Rack Number and Outlet],Power_Patch[Fixture Type]), "") | F35: =_xlfn.IFNA(_xlfn.XLOOKUP($K35, Power_Patch[Combined Rack Number and Outlet],Power_Patch[Fixture Number]), "") | H35: =IFERROR(VLOOKUP(E35,ActiveFixtures,2,FALSE),"") | K35: =IF(ISBLANK(C35), "", $D$3&"-"&$C35) -> 1-26
C36: 27 | D36: =B35&".3" -> .3 | E36: =_xlfn.IFNA(_xlfn.XLOOKUP($K36, Power_Patch[Combined Rack Number and Outlet],Power_Patch[Fixture Type]), "") | F36: =_xlfn.IFNA(_xlfn.XLOOKUP($K36, Power_Patch[Combined Rack Number and Outlet],Power_Patch[Fixture Number]), "") | H36: =IFERROR(VLOOKUP(E36,ActiveFixtures,2,FALSE),"") | K36: =IF(ISBLANK(C36), "", $D$3&"-"&$C36) -> 1-27
C37: 28 | D37: =B35&".4" -> .4 | E37: =_xlfn.IFNA(_xlfn.XLOOKUP($K37, Power_Patch[Combined Rack Number and Outlet],Power_Patch[Fixture Type]), "") | F37: =_xlfn.IFNA(_xlfn.XLOOKUP($K37, Power_Patch[Combined Rack Number and Outlet],Power_Patch[Fixture Number]), "") | H37: =IFERROR(VLOOKUP(E37,ActiveFixtures,2,FALSE),"") | K37: =IF(ISBLANK(C37), "", $D$3&"-"&$C37) -> 1-28
C38: 29 | D38: =B35&".5" -> .5 | E38: =_xlfn.IFNA(_xlfn.XLOOKUP($K38, Power_Patch[Combined Rack Number and Outlet],Power_Patch[Fixture Type]), "") | F38: =_xlfn.IFNA(_xlfn.XLOOKUP($K38, Power_Patch[Combined Rack Number and Outlet],Power_Patch[Fixture Number]), "") | H38: =IFERROR(VLOOKUP(E38,ActiveFixtures,2,FALSE),"") | K38: =IF(ISBLANK(C38), "", $D$3&"-"&$C38) -> 1-29
C39: 30 | D39: =B35&".6" -> .6 | E39: =_xlfn.IFNA(_xlfn.XLOOKUP($K39, Power_Patch[Combined Rack Number and Outlet],Power_Patch[Fixture Type]), "") | F39: =_xlfn.IFNA(_xlfn.XLOOKUP($K39, Power_Patch[Combined Rack Number and Outlet],Power_Patch[Fixture Number]), "") | H39: =IFERROR(VLOOKUP(E39,ActiveFixtures,2,FALSE),"") | K39: =IF(ISBLANK(C39), "", $D$3&"-"&$C39) -> 1-30
K40: =IF(ISBLANK(C40), "", $D$3&"-"&$C40)
B41: Loom ID | C41: 31 | D41: =B42&".1" -> .1 | E41: =_xlfn.IFNA(_xlfn.XLOOKUP($K41, Power_Patch[Combined Rack Number and Outlet],Power_Patch[Fixture Type]), "") | F41: =_xlfn.IFNA(_xlfn.XLOOKUP($K41, Power_Patch[Combined Rack Number and Outlet],Power_Patch[Fixture Number]), "") | G41: =_xlfn.IFNA(_xlfn.XLOOKUP($K41, Power_Patch[Combined Rack Number and Outlet],Power_Patch[Location]), "") | H41: =IFERROR(VLOOKUP(E41,ActiveFixtures,2,FALSE),"") | K41: =IF(ISBLANK(C41), "", $D$3&"-"&$C41) -> 1-31
B42: =_xlfn.IFNA(_xlfn.XLOOKUP($K41, Power_Patch[Combined Rack Number and Outlet],Power_Patch[Multi Name]), "") | C42: 32 | D42: =B42&".2" -> .2 | E42: =_xlfn.IFNA(_xlfn.XLOOKUP($K42, Power_Patch[Combined Rack Number and Outlet],Power_Patch[Fixture Type]), "") | F42: =_xlfn.IFNA(_xlfn.XLOOKUP($K42, Power_Patch[Combined Rack Number and Outlet],Power_Patch[Fixture Number]), "") | H42: =IFERROR(VLOOKUP(E42,ActiveFixtures,2,FALSE),"") | K42: =IF(ISBLANK(C42), "", $D$3&"-"&$C42) -> 1-32
C43: 33 | D43: =B42&".3" -> .3 | E43: =_xlfn.IFNA(_xlfn.XLOOKUP($K43, Power_Patch[Combined Rack Number and Outlet],Power_Patch[Fixture Type]), "") | F43: =_xlfn.IFNA(_xlfn.XLOOKUP($K43, Power_Patch[Combined Rack Number and Outlet],Power_Patch[Fixture Number]), "") | H43: =IFERROR(VLOOKUP(E43,ActiveFixtures,2,FALSE),"") | K43: =IF(ISBLANK(C43), "", $D$3&"-"&$C43) -> 1-33
C44: 34 | D44: =B42&".4" -> .4 | E44: =_xlfn.IFNA(_xlfn.XLOOKUP($K44, Power_Patch[Combined Rack Number and Outlet],Power_Patch[Fixture Type]), "") | F44: =_xlfn.IFNA(_xlfn.XLOOKUP($K44, Power_Patch[Combined Rack Number and Outlet],Power_Patch[Fixture Number]), "") | H44: =IFERROR(VLOOKUP(E44,ActiveFixtures,2,FALSE),"") | K44: =IF(ISBLANK(C44), "", $D$3&"-"&$C44) -> 1-34
C45: 35 | D45: =B42&".5" -> .5 | E45: =_xlfn.IFNA(_xlfn.XLOOKUP($K45, Power_Patch[Combined Rack Number and Outlet],Power_Patch[Fixture Type]), "") | F45: =_xlfn.IFNA(_xlfn.XLOOKUP($K45, Power_Patch[Combined Rack Number and Outlet],Power_Patch[Fixture Number]), "") | H45: =IFERROR(VLOOKUP(E45,ActiveFixtures,2,FALSE),"") | K45: =IF(ISBLANK(C45), "", $D$3&"-"&$C45) -> 1-35
C46: 36 | D46: =B42&".6" -> .6 | E46: =_xlfn.IFNA(_xlfn.XLOOKUP($K46, Power_Patch[Combined Rack Number and Outlet],Power_Patch[Fixture Type]), "") | F46: =_xlfn.IFNA(_xlfn.XLOOKUP($K46, Power_Patch[Combined Rack Number and Outlet],Power_Patch[Fixture Number]), "") | H46: =IFERROR(VLOOKUP(E46,ActiveFixtures,2,FALSE),"") | K46: =IF(ISBLANK(C46), "", $D$3&"-"&$C46) -> 1-36
K47: =IF(ISBLANK(C47), "", $D$3&"-"&$C47)
B48: Loom ID | C48: 37 | D48: =B49&".1" -> .1 | E48: =_xlfn.IFNA(_xlfn.XLOOKUP($K48, Power_Patch[Combined Rack Number and Outlet],Power_Patch[Fixture Type]), "") | F48: =_xlfn.IFNA(_xlfn.XLOOKUP($K48, Power_Patch[Combined Rack Number and Outlet],Power_Patch[Fixture Number]), "") | G48: =_xlfn.IFNA(_xlfn.XLOOKUP($K48, Power_Patch[Combined Rack Number and Outlet],Power_Patch[Location]), "") | H48: =IFERROR(VLOOKUP(E48,ActiveFixtures,2,FALSE),"") | K48: =IF(ISBLANK(C48), "", $D$3&"-"&$C48) -> 1-37
B49: =_xlfn.IFNA(_xlfn.XLOOKUP($K48, Power_Patch[Combined Rack Number and Outlet],Power_Patch[Multi Name]), "") | C49: 38 | D49: =B49&".2" -> .2 | E49: =_xlfn.IFNA(_xlfn.XLOOKUP($K49, Power_Patch[Combined Rack Number and Outlet],Power_Patch[Fixture Type]), "") | F49: =_xlfn.IFNA(_xlfn.XLOOKUP($K49, Power_Patch[Combined Rack Number and Outlet],Power_Patch[Fixture Number]), "") | H49: =IFERROR(VLOOKUP(E49,ActiveFixtures,2,FALSE),"") | K49: =IF(ISBLANK(C49), "", $D$3&"-"&$C49) -> 1-38
C50: 39 | D50: =B49&".3" -> .3 | E50: =_xlfn.IFNA(_xlfn.XLOOKUP($K50, Power_Patch[Combined Rack Number and Outlet],Power_Patch[Fixture Type]), "") | F50: =_xlfn.IFNA(_xlfn.XLOOKUP($K50, Power_Patch[Combined Rack Number and Outlet],Power_Patch[Fixture Number]), "") | H50: =IFERROR(VLOOKUP(E50,ActiveFixtures,2,FALSE),"") | K50: =IF(ISBLANK(C50), "", $D$3&"-"&$C50) -> 1-39
C51: 40 | D51: =B49&".4" -> .4 | E51: =_xlfn.IFNA(_xlfn.XLOOKUP($K51, Power_Patch[Combined Rack Number and Outlet],Power_Patch[Fixture Type]), "") | F51: =_xlfn.IFNA(_xlfn.XLOOKUP($K51, Power_Patch[Combined Rack Number and Outlet],Power_Patch[Fixture Number]), "") | H51: =IFERROR(VLOOKUP(E51,ActiveFixtures,2,FALSE),"") | K51: =IF(ISBLANK(C51), "", $D$3&"-"&$C51) -> 1-40
C52: 41 | D52: =B49&".5" -> .5 | E52: =_xlfn.IFNA(_xlfn.XLOOKUP($K52, Power_Patch[Combined Rack Number and Outlet],Power_Patch[Fixture Type]), "") | F52: =_xlfn.IFNA(_xlfn.XLOOKUP($K52, Power_Patch[Combined Rack Number and Outlet],Power_Patch[Fixture Number]), "") | H52: =IFERROR(VLOOKUP(E52,ActiveFixtures,2,FALSE),"") | K52: =IF(ISBLANK(C52), "", $D$3&"-"&$C52) -> 1-41
C53: 42 | D53: =B49&".6" -> .6 | E53: =_xlfn.IFNA(_xlfn.XLOOKUP($K53, Power_Patch[Combined Rack Number and Outlet],Power_Patch[Fixture Type]), "") | F53: =_xlfn.IFNA(_xlfn.XLOOKUP($K53, Power_Patch[Combined Rack Number and Outlet],Power_Patch[Fixture Number]), "") | H53: =IFERROR(VLOOKUP(E53,ActiveFixtures,2,FALSE),"") | K53: =IF(ISBLANK(C53), "", $D$3&"-"&$C53) -> 1-42
K54: =IF(ISBLANK(C54), "", $D$3&"-"&$C54)
B55: Loom ID | C55: 43 | D55: =B56&".1" -> .1 | E55: =_xlfn.IFNA(_xlfn.XLOOKUP($K55, Power_Patch[Combined Rack Number and Outlet],Power_Patch[Fixture Type]), "") | F55: =_xlfn.IFNA(_xlfn.XLOOKUP($K55, Power_Patch[Combined Rack Number and Outlet],Power_Patch[Fixture Number]), "") | G55: =_xlfn.IFNA(_xlfn.XLOOKUP($K55, Power_Patch[Combined Rack Number and Outlet],Power_Patch[Location]), "") | H55: =IFERROR(VLOOKUP(E55,ActiveFixtures,2,FALSE),"") | K55: =IF(ISBLANK(C55), "", $D$3&"-"&$C55) -> 1-43
B56: =_xlfn.IFNA(_xlfn.XLOOKUP($K55, Power_Patch[Combined Rack Number and Outlet],Power_Patch[Multi Name]), "") | C56: 44 | D56: =B56&".2" -> .2 | E56: =_xlfn.IFNA(_xlfn.XLOOKUP($K56, Power_Patch[Combined Rack Number and Outlet],Power_Patch[Fixture Type]), "") | F56: =_xlfn.IFNA(_xlfn.XLOOKUP($K56, Power_Patch[Combined Rack Number and Outlet],Power_Patch[Fixture Number]), "") | H56: =IFERROR(VLOOKUP(E56,ActiveFixtures,2,FALSE),"") | K56: =IF(ISBLANK(C56), "", $D$3&"-"&$C56) -> 1-44
C57: 45 | D57: =B56&".3" -> .3 | E57: =_xlfn.IFNA(_xlfn.XLOOKUP($K57, Power_Patch[Combined Rack Number and Outlet],Power_Patch[Fixture Type]), "") | F57: =_xlfn.IFNA(_xlfn.XLOOKUP($K57, Power_Patch[Combined Rack Number and Outlet],Power_Patch[Fixture Number]), "") | H57: =IFERROR(VLOOKUP(E57,ActiveFixtures,2,FALSE),"") | K57: =IF(ISBLANK(C57), "", $D$3&"-"&$C57) -> 1-45
C58: 46 | D58: =B56&".4" -> .4 | E58: =_xlfn.IFNA(_xlfn.XLOOKUP($K58, Power_Patch[Combined Rack Number and Outlet],Power_Patch[Fixture Type]), "") | F58: =_xlfn.IFNA(_xlfn.XLOOKUP($K58, Power_Patch[Combined Rack Number and Outlet],Power_Patch[Fixture Number]), "") | H58: =IFERROR(VLOOKUP(E58,ActiveFixtures,2,FALSE),"") | K58: =IF(ISBLANK(C58), "", $D$3&"-"&$C58) -> 1-46
C59: 47 | D59: =B56&".5" -> .5 | E59: =_xlfn.IFNA(_xlfn.XLOOKUP($K59, Power_Patch[Combined Rack Number and Outlet],Power_Patch[Fixture Type]), "") | F59: =_xlfn.IFNA(_xlfn.XLOOKUP($K59, Power_Patch[Combined Rack Number and Outlet],Power_Patch[Fixture Number]), "") | H59: =IFERROR(VLOOKUP(E59,ActiveFixtures,2,FALSE),"") | K59: =IF(ISBLANK(C59), "", $D$3&"-"&$C59) -> 1-47
C60: 48 | D60: =B56&".6" -> .6 | E60: =_xlfn.IFNA(_xlfn.XLOOKUP($K60, Power_Patch[Combined Rack Number and Outlet],Power_Patch[Fixture Type]), "") | F60: =_xlfn.IFNA(_xlfn.XLOOKUP($K60, Power_Patch[Combined Rack Number and Outlet],Power_Patch[Fixture Number]), "") | H60: =IFERROR(VLOOKUP(E60,ActiveFixtures,2,FALSE),"") | K60: =IF(ISBLANK(C60), "", $D$3&"-"&$C60) -> 1-48
F61: AMPS PER PHASE 1 | H61: =SUM(H6,H9,H13,H16,H20,H23,H27,H30,H34,H37,H41,H44,H48,H51,H55,H58,H69,H72,H76,H79,H83,H86,H90,H93,H97,H100,H104,H107,H111,H114,H118,H121) -> 0 | K61: =IF(ISBLANK(C61), "", $D$3&"-"&$C61)
F62: AMPS PER PHASE 2 | H62: =SUM(H7,H10,H14,H17,H21,H24,H28,H31,H35,H38,H42,H45,H49,H52,H56,H59,H70,H73,H77,H80,H84,H87,H91,H94,H98,H101,H105,H108,H112,H115,H119,H122) -> 0 | K62: =IF(ISBLANK(C62), "", $D$3&"-"&$C62)
F63: AMPS PER PHASE 3 | H63: =SUM(H8,H11,H15,H18,H22,H25,H29,H32,H36,H39,H43,H46,H50,H53,H57,H60,H71,H74,H78,H81,H85,H88,H92,H95,H99,H102,H106,H109,H113,H116,H120,H123) -> 0 | K63: =IF(ISBLANK(C63), "", $D$3&"-"&$C63)
K64: =IF(ISBLANK(C64), "", $D$3&"-"&$C64)
B65: SHOW | D65: =Fixtures!C2 -> Untitled Show | K65: =IF(ISBLANK(C65), "", $D$3&"-"&$C65)
B66: B: RACK# | D66: =D3 -> 1 | K66: =IF(ISBLANK(C66), "", $D$3&"-"&$C66)
K67: =IF(ISBLANK(C67), "", $D$3&"-"&$C67)
C68: CHL | D68: CIRCUT | E68: FIXTURE | F68: FIX. NO. | G68: LOCATION | H68: AMPS | K68: =IF(ISBLANK(C68), "", $D$3&"-"&$C68) -> 1-CHL
B69: Loom ID | C69: 49 | D69: =B70&".1" -> .1 | E69: =_xlfn.IFNA(_xlfn.XLOOKUP($K69, Power_Patch[Combined Rack Number and Outlet],Power_Patch[Fixture Type]), "") | F69: =_xlfn.IFNA(_xlfn.XLOOKUP($K69, Power_Patch[Combined Rack Number and Outlet],Power_Patch[Fixture Number]), "") | G69: =_xlfn.IFNA(_xlfn.XLOOKUP($K69, Power_Patch[Combined Rack Number and Outlet],Power_Patch[Location]), "") | H69: =IFERROR(VLOOKUP(E69,ActiveFixtures,2,FALSE),"") | K69: =IF(ISBLANK(C69), "", $D$3&"-"&$C69) -> 1-49
B70: =_xlfn.IFNA(_xlfn.XLOOKUP($K69, Power_Patch[Combined Rack Number and Outlet],Power_Patch[Multi Name]), "") | C70: 50 | D70: =B70&".2" -> .2 | E70: =_xlfn.IFNA(_xlfn.XLOOKUP($K70, Power_Patch[Combined Rack Number and Outlet],Power_Patch[Fixture Type]), "") | F70: =_xlfn.IFNA(_xlfn.XLOOKUP($K70, Power_Patch[Combined Rack Number and Outlet],Power_Patch[Fixture Number]), "") | H70: =IFERROR(VLOOKUP(E70,ActiveFixtures,2,FALSE),"") | K70: =IF(ISBLANK(C70), "", $D$3&"-"&$C70) -> 1-50
C71: 51 | D71: =B70&".3" -> .3 | E71: =_xlfn.IFNA(_xlfn.XLOOKUP($K71, Power_Patch[Combined Rack Number and Outlet],Power_Patch[Fixture Type]), "") | F71: =_xlfn.IFNA(_xlfn.XLOOKUP($K71, Power_Patch[Combined Rack Number and Outlet],Power_Patch[Fixture Number]), "") | H71: =IFERROR(VLOOKUP(E71,ActiveFixtures,2,FALSE),"") | K71: =IF(ISBLANK(C71), "", $D$3&"-"&$C71) -> 1-51
C72: 52 | D72: =B70&".4" -> .4 | E72: =_xlfn.IFNA(_xlfn.XLOOKUP($K72, Power_Patch[Combined Rack Number and Outlet],Power_Patch[Fixture Type]), "") | F72: =_xlfn.IFNA(_xlfn.XLOOKUP($K72, Power_Patch[Combined Rack Number and Outlet],Power_Patch[Fixture Number]), "") | H72: =IFERROR(VLOOKUP(E72,ActiveFixtures,2,FALSE),"") | K72: =IF(ISBLANK(C72), "", $D$3&"-"&$C72) -> 1-52
C73: 53 | D73: =B70&".5" -> .5 | E73: =_xlfn.IFNA(_xlfn.XLOOKUP($K73, Power_Patch[Combined Rack Number and Outlet],Power_Patch[Fixture Type]), "") | F73: =_xlfn.IFNA(_xlfn.XLOOKUP($K73, Power_Patch[Combined Rack Number and Outlet],Power_Patch[Fixture Number]), "") | H73: =IFERROR(VLOOKUP(E73,ActiveFixtures,2,FALSE),"") | K73: =IF(ISBLANK(C73), "", $D$3&"-"&$C73) -> 1-53
C74: 54 | D74: =B70&".6" -> .6 | E74: =_xlfn.IFNA(_xlfn.XLOOKUP($K74, Power_Patch[Combined Rack Number and Outlet],Power_Patch[Fixture Type]), "") | F74: =_xlfn.IFNA(_xlfn.XLOOKUP($K74, Power_Patch[Combined Rack Number and Outlet],Power_Patch[Fixture Number]), "") | H74: =IFERROR(VLOOKUP(E74,ActiveFixtures,2,FALSE),"") | K74: =IF(ISBLANK(C74), "", $D$3&"-"&$C74) -> 1-54
K75: =IF(ISBLANK(C75), "", $D$3&"-"&$C75)
B76: Loom ID | C76: 55 | D76: =B77&".1" -> .1 | E76: =_xlfn.IFNA(_xlfn.XLOOKUP($K76, Power_Patch[Combined Rack Number and Outlet],Power_Patch[Fixture Type]), "") | F76: =_xlfn.IFNA(_xlfn.XLOOKUP($K76, Power_Patch[Combined Rack Number and Outlet],Power_Patch[Fixture Number]), "") | G76: =_xlfn.IFNA(_xlfn.XLOOKUP($K76, Power_Patch[Combined Rack Number and Outlet],Power_Patch[Location]), "") | H76: =IFERROR(VLOOKUP(E76,ActiveFixtures,2,FALSE),"") | K76: =IF(ISBLANK(C76), "", $D$3&"-"&$C76) -> 1-55
B77: =_xlfn.IFNA(_xlfn.XLOOKUP($K76, Power_Patch[Combined Rack Number and Outlet],Power_Patch[Multi Name]), "") | C77: 56 | D77: =B77&".2" -> .2 | E77: =_xlfn.IFNA(_xlfn.XLOOKUP($K77, Power_Patch[Combined Rack Number and Outlet],Power_Patch[Fixture Type]), "") | F77: =_xlfn.IFNA(_xlfn.XLOOKUP($K77, Power_Patch[Combined Rack Number and Outlet],Power_Patch[Fixture Number]), "") | H77: =IFERROR(VLOOKUP(E77,ActiveFixtures,2,FALSE),"") | K77: =IF(ISBLANK(C77), "", $D$3&"-"&$C77) -> 1-56
C78: 57 | D78: =B77&".3" -> .3 | E78: =_xlfn.IFNA(_xlfn.XLOOKUP($K78, Power_Patch[Combined Rack Number and Outlet],Power_Patch[Fixture Type]), "") | F78: =_xlfn.IFNA(_xlfn.XLOOKUP($K78, Power_Patch[Combined Rack Number and Outlet],Power_Patch[Fixture Number]), "") | H78: =IFERROR(VLOOKUP(E78,ActiveFixtures,2,FALSE),"") | K78: =IF(ISBLANK(C78), "", $D$3&"-"&$C78) -> 1-57
C79: 58 | D79: =B77&".4" -> .4 | E79: =_xlfn.IFNA(_xlfn.XLOOKUP($K79, Power_Patch[Combined Rack Number and Outlet],Power_Patch[Fixture Type]), "") | F79: =_xlfn.IFNA(_xlfn.XLOOKUP($K79, Power_Patch[Combined Rack Number and Outlet],Power_Patch[Fixture Number]), "") | H79: =IFERROR(VLOOKUP(E79,ActiveFixtures,2,FALSE),"") | K79: =IF(ISBLANK(C79), "", $D$3&"-"&$C79) -> 1-58
C80: 59 | D80: =B77&".5" -> .5 | E80: =_xlfn.IFNA(_xlfn.XLOOKUP($K80, Power_Patch[Combined Rack Number and Outlet],Power_Patch[Fixture Type]), "") | F80: =_xlfn.IFNA(_xlfn.XLOOKUP($K80, Power_Patch[Combined Rack Number and Outlet],Power_Patch[Fixture Number]), "") | H80: =IFERROR(VLOOKUP(E80,ActiveFixtures,2,FALSE),"") | K80: =IF(ISBLANK(C80), "", $D$3&"-"&$C80) -> 1-59
C81: 60 | D81: =B77&".6" -> .6 | E81: =_xlfn.IFNA(_xlfn.XLOOKUP($K81, Power_Patch[Combined Rack Number and Outlet],Power_Patch[Fixture Type]), "") | F81: =_xlfn.IFNA(_xlfn.XLOOKUP($K81, Power_Patch[Combined Rack Number and Outlet],Power_Patch[Fixture Number]), "") | H81: =IFERROR(VLOOKUP(E81,ActiveFixtures,2,FALSE),"") | K81: =IF(ISBLANK(C81), "", $D$3&"-"&$C81) -> 1-60
K82: =IF(ISBLANK(C82), "", $D$3&"-"&$C82)
B83: Loom ID | C83: 61 | D83: =B84&".1" -> .1 | E83: =_xlfn.IFNA(_xlfn.XLOOKUP($K83, Power_Patch[Combined Rack Number and Outlet],Power_Patch[Fixture Type]), "") | F83: =_xlfn.IFNA(_xlfn.XLOOKUP($K83, Power_Patch[Combined Rack Number and Outlet],Power_Patch[Fixture Number]), "") | G83: =_xlfn.IFNA(_xlfn.XLOOKUP($K83, Power_Patch[Combined Rack Number and Outlet],Power_Patch[Location]), "") | H83: =IFERROR(VLOOKUP(E83,ActiveFixtures,2,FALSE),"") | K83: =IF(ISBLANK(C83), "", $D$3&"-"&$C83) -> 1-61
B84: =_xlfn.IFNA(_xlfn.XLOOKUP($K83, Power_Patch[Combined Rack Number and Outlet],Power_Patch[Multi Name]), "") | C84: 62 | D84: =B84&".2" -> .2 | E84: =_xlfn.IFNA(_xlfn.XLOOKUP($K84, Power_Patch[Combined Rack Number and Outlet],Power_Patch[Fixture Type]), "") | F84: =_xlfn.IFNA(_xlfn.XLOOKUP($K84, Power_Patch[Combined Rack Number and Outlet],Power_Patch[Fixture Number]), "") | H84: =IFERROR(VLOOKUP(E84,ActiveFixtures,2,FALSE),"") | K84: =IF(ISBLANK(C84), "", $D$3&"-"&$C84) -> 1-62
C85: 63 | D85: =B84&".3" -> .3 | E85: =_xlfn.IFNA(_xlfn.XLOOKUP($K85, Power_Patch[Combined Rack Number and Outlet],Power_Patch[Fixture Type]), "") | F85: =_xlfn.IFNA(_xlfn.XLOOKUP($K85, Power_Patch[Combined Rack Number and Outlet],Power_Patch[Fixture Number]), "") | H85: =IFERROR(VLOOKUP(E85,ActiveFixtures,2,FALSE),"") | K85: =IF(ISBLANK(C85), "", $D$3&"-"&$C85) -> 1-63
C86: 64 | D86: =B84&".4" -> .4 | E86: =_xlfn.IFNA(_xlfn.XLOOKUP($K86, Power_Patch[Combined Rack Number and Outlet],Power_Patch[Fixture Type]), "") | F86: =_xlfn.IFNA(_xlfn.XLOOKUP($K86, Power_Patch[Combined Rack Number and Outlet],Power_Patch[Fixture Number]), "") | H86: =IFERROR(VLOOKUP(E86,ActiveFixtures,2,FALSE),"") | K86: =IF(ISBLANK(C86), "", $D$3&"-"&$C86) -> 1-64
C87: 65 | D87: =B84&".5" -> .5 | E87: =_xlfn.IFNA(_xlfn.XLOOKUP($K87, Power_Patch[Combined Rack Number and Outlet],Power_Patch[Fixture Type]), "") | F87: =_xlfn.IFNA(_xlfn.XLOOKUP($K87, Power_Patch[Combined Rack Number and Outlet],Power_Patch[Fixture Number]), "") | H87: =IFERROR(VLOOKUP(E87,ActiveFixtures,2,FALSE),"") | K87: =IF(ISBLANK(C87), "", $D$3&"-"&$C87) -> 1-65
C88: 66 | D88: =B84&".6" -> .6 | E88: =_xlfn.IFNA(_xlfn.XLOOKUP($K88, Power_Patch[Combined Rack Number and Outlet],Power_Patch[Fixture Type]), "") | F88: =_xlfn.IFNA(_xlfn.XLOOKUP($K88, Power_Patch[Combined Rack Number and Outlet],Power_Patch[Fixture Number]), "") | H88: =IFERROR(VLOOKUP(E88,ActiveFixtures,2,FALSE),"") | K88: =IF(ISBLANK(C88), "", $D$3&"-"&$C88) -> 1-66
K89: =IF(ISBLANK(C89), "", $D$3&"-"&$C89)
B90: Loom ID | C90: 67 | D90: =B91&".1" -> .1 | E90: =_xlfn.IFNA(_xlfn.XLOOKUP($K90, Power_Patch[Combined Rack Number and Outlet],Power_Patch[Fixture Type]), "") | F90: =_xlfn.IFNA(_xlfn.XLOOKUP($K90, Power_Patch[Combined Rack Number and Outlet],Power_Patch[Fixture Number]), "") | G90: =_xlfn.IFNA(_xlfn.XLOOKUP($K90, Power_Patch[Combined Rack Number and Outlet],Power_Patch[Location]), "") | H90: =IFERROR(VLOOKUP(E90,ActiveFixtures,2,FALSE),"") | K90: =IF(ISBLANK(C90), "", $D$3&"-"&$C90) -> 1-67
B91: =_xlfn.IFNA(_xlfn.XLOOKUP($K90, Power_Patch[Combined Rack Number and Outlet],Power_Patch[Multi Name]), "") | C91: 68 | D91: =B91&".2" -> .2 | E91: =_xlfn.IFNA(_xlfn.XLOOKUP($K91, Power_Patch[Combined Rack Number and Outlet],Power_Patch[Fixture Type]), "") | F91: =_xlfn.IFNA(_xlfn.XLOOKUP($K91, Power_Patch[Combined Rack Number and Outlet],Power_Patch[Fixture Number]), "") | H91: =IFERROR(VLOOKUP(E91,ActiveFixtures,2,FALSE),"") | K91: =IF(ISBLANK(C91), "", $D$3&"-"&$C91) -> 1-68
C92: 69 | D92: =B91&".3" -> .3 | E92: =_xlfn.IFNA(_xlfn.XLOOKUP($K92, Power_Patch[Combined Rack Number and Outlet],Power_Patch[Fixture Type]), "") | F92: =_xlfn.IFNA(_xlfn.XLOOKUP($K92, Power_Patch[Combined Rack Number and Outlet],Power_Patch[Fixture Number]), "") | H92: =IFERROR(VLOOKUP(E92,ActiveFixtures,2,FALSE),"") | K92: =IF(ISBLANK(C92), "", $D$3&"-"&$C92) -> 1-69
C93: 70 | D93: =B91&".4" -> .4 | E93: =_xlfn.IFNA(_xlfn.XLOOKUP($K93, Power_Patch[Combined Rack Number and Outlet],Power_Patch[Fixture Type]), "") | F93: =_xlfn.IFNA(_xlfn.XLOOKUP($K93, Power_Patch[Combined Rack Number and Outlet],Power_Patch[Fixture Number]), "") | H93: =IFERROR(VLOOKUP(E93,ActiveFixtures,2,FALSE),"") | K93: =IF(ISBLANK(C93), "", $D$3&"-"&$C93) -> 1-70
C94: 71 | D94: =B91&".5" -> .5 | E94: =_xlfn.IFNA(_xlfn.XLOOKUP($K94, Power_Patch[Combined Rack Number and Outlet],Power_Patch[Fixture Type]), "") | F94: =_xlfn.IFNA(_xlfn.XLOOKUP($K94, Power_Patch[Combined Rack Number and Outlet],Power_Patch[Fixture Number]), "") | H94: =IFERROR(VLOOKUP(E94,ActiveFixtures,2,FALSE),"") | K94: =IF(ISBLANK(C94), "", $D$3&"-"&$C94) -> 1-71
C95: 72 | D95: =B91&".6" -> .6 | E95: =_xlfn.IFNA(_xlfn.XLOOKUP($K95, Power_Patch[Combined Rack Number and Outlet],Power_Patch[Fixture Type]), "") | F95: =_xlfn.IFNA(_xlfn.XLOOKUP($K95, Power_Patch[Combined Rack Number and Outlet],Power_Patch[Fixture Number]), "") | H95: =IFERROR(VLOOKUP(E95,ActiveFixtures,2,FALSE),"") | K95: =IF(ISBLANK(C95), "", $D$3&"-"&$C95) -> 1-72
K96: =IF(ISBLANK(C96), "", $D$3&"-"&$C96)
B97: Loom ID | C97: 73 | D97: =B98&".1" -> .1 | E97: =_xlfn.IFNA(_xlfn.XLOOKUP($K97, Power_Patch[Combined Rack Number and Outlet],Power_Patch[Fixture Type]), "") | F97: =_xlfn.IFNA(_xlfn.XLOOKUP($K97, Power_Patch[Combined Rack Number and Outlet],Power_Patch[Fixture Number]), "") | G97: =_xlfn.IFNA(_xlfn.XLOOKUP($K97, Power_Patch[Combined Rack Number and Outlet],Power_Patch[Location]), "") | H97: =IFERROR(VLOOKUP(E97,ActiveFixtures,2,FALSE),"") | K97: =IF(ISBLANK(C97), "", $D$3&"-"&$C97) -> 1-73
B98: =_xlfn.IFNA(_xlfn.XLOOKUP($K97, Power_Patch[Combined Rack Number and Outlet],Power_Patch[Multi Name]), "") | C98: 74 | D98: =B98&".2" -> .2 | E98: =_xlfn.IFNA(_xlfn.XLOOKUP($K98, Power_Patch[Combined Rack Number and Outlet],Power_Patch[Fixture Type]), "") | F98: =_xlfn.IFNA(_xlfn.XLOOKUP($K98, Power_Patch[Combined Rack Number and Outlet],Power_Patch[Fixture Number]), "") | H98: =IFERROR(VLOOKUP(E98,ActiveFixtures,2,FALSE),"") | K98: =IF(ISBLANK(C98), "", $D$3&"-"&$C98) -> 1-74
C99: 75 | D99: =B98&".3" -> .3 | E99: =_xlfn.IFNA(_xlfn.XLOOKUP($K99, Power_Patch[Combined Rack Number and Outlet],Power_Patch[Fixture Type]), "") | F99: =_xlfn.IFNA(_xlfn.XLOOKUP($K99, Power_Patch[Combined Rack Number and Outlet],Power_Patch[Fixture Number]), "") | H99: =IFERROR(VLOOKUP(E99,ActiveFixtures,2,FALSE),"") | K99: =IF(ISBLANK(C99), "", $D$3&"-"&$C99) -> 1-75
C100: 76 | D100: =B98&".4" -> .4 | E100: =_xlfn.IFNA(_xlfn.XLOOKUP($K100, Power_Patch[Combined Rack Number and Outlet],Power_Patch[Fixture Type]), "") | F100: =_xlfn.IFNA(_xlfn.XLOOKUP($K100, Power_Patch[Combined Rack Number and Outlet],Power_Patch[Fixture Number]), "") | H100: =IFERROR(VLOOKUP(E100,ActiveFixtures,2,FALSE),"") | K100: =IF(ISBLANK(C100), "", $D$3&"-"&$C100) -> 1-76
C101: 77 | D101: =B98&".5" -> .5 | E101: =_xlfn.IFNA(_xlfn.XLOOKUP($K101, Power_Patch[Combined Rack Number and Outlet],Power_Patch[Fixture Type]), "") | F101: =_xlfn.IFNA(_xlfn.XLOOKUP($K101, Power_Patch[Combined Rack Number and Outlet],Power_Patch[Fixture Number]), "") | H101: =IFERROR(VLOOKUP(E101,ActiveFixtures,2,FALSE),"") | K101: =IF(ISBLANK(C101), "", $D$3&"-"&$C101) -> 1-77
...

Sheet Rack 2
B2: SHOW | D2: =Fixtures!C2 -> Untitled Show
B3: RACK# | D3: 2
B4: NAME / TYPE | D4: =_xlfn.IFNA(_xlfn.XLOOKUP($D$3, Power_Patch[Rack Number],Power_Patch[Rack Name]), "") | F4: =_xlfn.IFNA(_xlfn.XLOOKUP($D$3, Power_Patch[Rack Number],Power_Patch[Rack Type]), "")
C5: CHL | D5: CIRCUT | E5: FIXTURE | F5: FIX. NO. | G5: LOCATION | H5: AMPS | K5: Lookup Value
B6: Loom ID | C6: 1 | D6: =B7&".1" -> .1 | E6: =_xlfn.IFNA(_xlfn.XLOOKUP($K6, Power_Patch[Combined Rack Number and Outlet],Power_Patch[Fixture Type]), "") | F6: =_xlfn.IFNA(_xlfn.XLOOKUP($K6, Power_Patch[Combined Rack Number and Outlet],Power_Patch[Fixture Number]), "") | G6: =_xlfn.IFNA(_xlfn.XLOOKUP($K6, Power_Patch[Combined Rack Number and Outlet],Power_Patch[Location]), "") | H6: =IFERROR(VLOOKUP(E6,ActiveFixtures,2,FALSE),"") | K6: =IF(ISBLANK(C6), "", $D$3&"-"&$C6) -> 2-1
B7: =_xlfn.IFNA(_xlfn.XLOOKUP($K6, Power_Patch[Combined Rack Number and Outlet],Power_Patch[Multi Name]), "") | C7: 2 | D7: =B7&".2" -> .2 | E7: =_xlfn.IFNA(_xlfn.XLOOKUP($K7, Power_Patch[Combined Rack Number and Outlet],Power_Patch[Fixture Type]), "") | F7: =_xlfn.IFNA(_xlfn.XLOOKUP($K7, Power_Patch[Combined Rack Number and Outlet],Power_Patch[Fixture Number]), "") | H7: =IFERROR(VLOOKUP(E7,ActiveFixtures,2,FALSE),"") | K7: =IF(ISBLANK(C7), "", $D$3&"-"&$C7) -> 2-2
C8: 3 | D8: =B7&".3" -> .3 | E8: =_xlfn.IFNA(_xlfn.XLOOKUP($K8, Power_Patch[Combined Rack Number and Outlet],Power_Patch[Fixture Type]), "") | F8: =_xlfn.IFNA(_xlfn.XLOOKUP($K8, Power_Patch[Combined Rack Number and Outlet],Power_Patch[Fixture Number]), "") | H8: =IFERROR(VLOOKUP(E8,ActiveFixtures,2,FALSE),"") | K8: =IF(ISBLANK(C8), "", $D$3&"-"&$C8) -> 2-3
C9: 4 | D9: =B7&".4" -> .4 | E9: =_xlfn.IFNA(_xlfn.XLOOKUP($K9, Power_Patch[Combined Rack Number and Outlet],Power_Patch[Fixture Type]), "") | F9: =_xlfn.IFNA(_xlfn.XLOOKUP($K9, Power_Patch[Combined Rack Number and Outlet],Power_Patch[Fixture Number]), "") | H9: =IFERROR(VLOOKUP(E9,ActiveFixtures,2,FALSE),"") | K9: =IF(ISBLANK(C9), "", $D$3&"-"&$C9) -> 2-4
C10: 5 | D10: =B7&".5" -> .5 | E10: =_xlfn.IFNA(_xlfn.XLOOKUP($K10, Power_Patch[Combined Rack Number and Outlet],Power_Patch[Fixture Type]), "") | F10: =_xlfn.IFNA(_xlfn.XLOOKUP($K10, Power_Patch[Combined Rack Number and Outlet],Power_Patch[Fixture Number]), "") | H10: =IFERROR(VLOOKUP(E10,ActiveFixtures,2,FALSE),"") | K10: =IF(ISBLANK(C10), "", $D$3&"-"&$C10) -> 2-5
C11: 6 | D11: =B7&".6" -> .6 | E11: =_xlfn.IFNA(_xlfn.XLOOKUP($K11, Power_Patch[Combined Rack Number and Outlet],Power_Patch[Fixture Type]), "") | F11: =_xlfn.IFNA(_xlfn.XLOOKUP($K11, Power_Patch[Combined Rack Number and Outlet],Power_Patch[Fixture Number]), "") | H11: =IFERROR(VLOOKUP(E11,ActiveFixtures,2,FALSE),"") | K11: =IF(ISBLANK(C11), "", $D$3&"-"&$C11) -> 2-6
K12: =IF(ISBLANK(C12), "", $D$3&"-"&$C12)
B13: Loom ID | C13: 7 | D13: =B14&".1" -> .1 | E13: =_xlfn.IFNA(_xlfn.XLOOKUP($K13, Power_Patch[Combined Rack Number and Outlet],Power_Patch[Fixture Type]), "") | F13: =_xlfn.IFNA(_xlfn.XLOOKUP($K13, Power_Patch[Combined Rack Number and Outlet],Power_Patch[Fixture Number]), "") | G13: =_xlfn.IFNA(_xlfn.XLOOKUP($K13, Power_Patch[Combined Rack Number and Outlet],Power_Patch[Location]), "") | H13: =IFERROR(VLOOKUP(E13,ActiveFixtures,2,FALSE),"") | K13: =IF(ISBLANK(C13), "", $D$3&"-"&$C13) -> 2-7
B14: =_xlfn.IFNA(_xlfn.XLOOKUP($K13, Power_Patch[Combined Rack Number and Outlet],Power_Patch[Multi Name]), "") | C14: 8 | D14: =B14&".2" -> .2 | E14: =_xlfn.IFNA(_xlfn.XLOOKUP($K14, Power_Patch[Combined Rack Number and Outlet],Power_Patch[Fixture Type]), "") | F14: =_xlfn.IFNA(_xlfn.XLOOKUP($K14, Power_Patch[Combined Rack Number and Outlet],Power_Patch[Fixture Number]), "") | H14: =IFERROR(VLOOKUP(E14,ActiveFixtures,2,FALSE),"") | K14: =IF(ISBLANK(C14), "", $D$3&"-"&$C14) -> 2-8
C15: 9 | D15: =B14&".3" -> .3 | E15: =_xlfn.IFNA(_xlfn.XLOOKUP($K15, Power_Patch[Combined Rack Number and Outlet],Power_Patch[Fixture Type]), "") | F15: =_xlfn.IFNA(_xlfn.XLOOKUP($K15, Power_Patch[Combined Rack Number and Outlet],Power_Patch[Fixture Number]), "") | H15: =IFERROR(VLOOKUP(E15,ActiveFixtures,2,FALSE),"") | K15: =IF(ISBLANK(C15), "", $D$3&"-"&$C15) -> 2-9
C16: 10 | D16: =B14&".4" -> .4 | E16: =_xlfn.IFNA(_xlfn.XLOOKUP($K16, Power_Patch[Combined Rack Number and Outlet],Power_Patch[Fixture Type]), "") | F16: =_xlfn.IFNA(_xlfn.XLOOKUP($K16, Power_Patch[Combined Rack Number and Outlet],Power_Patch[Fixture Number]), "") | H16: =IFERROR(VLOOKUP(E16,ActiveFixtures,2,FALSE),"") | K16: =IF(ISBLANK(C16), "", $D$3&"-"&$C16) -> 2-10
C17: 11 | D17: =B14&".5" -> .5 | E17: =_xlfn.IFNA(_xlfn.XLOOKUP($K17, Power_Patch[Combined Rack Number and Outlet],Power_Patch[Fixture Type]), "") | F17: =_xlfn.IFNA(_xlfn.XLOOKUP($K17, Power_Patch[Combined Rack Number and Outlet],Power_Patch[Fixture Number]), "") | H17: =IFERROR(VLOOKUP(E17,ActiveFixtures,2,FALSE),"") | K17: =IF(ISBLANK(C17), "", $D$3&"-"&$C17) -> 2-11
C18: 12 | D18: =B14&".6" -> .6 | E18: =_xlfn.IFNA(_xlfn.XLOOKUP($K18, Power_Patch[Combined Rack Number and Outlet],Power_Patch[Fixture Type]), "") | F18: =_xlfn.IFNA(_xlfn.XLOOKUP($K18, Power_Patch[Combined Rack Number and Outlet],Power_Patch[Fixture Number]), "") | H18: =IFERROR(VLOOKUP(E18,ActiveFixtures,2,FALSE),"") | K18: =IF(ISBLANK(C18), "", $D$3&"-"&$C18) -> 2-12
K19: =IF(ISBLANK(C19), "", $D$3&"-"&$C19)
B20: Loom ID | C20: 13 | D20: =B21&".1" -> .1 | E20: =_xlfn.IFNA(_xlfn.XLOOKUP($K20, Power_Patch[Combined Rack Number and Outlet],Power_Patch[Fixture Type]), "") | F20: =_xlfn.IFNA(_xlfn.XLOOKUP($K20, Power_Patch[Combined Rack Number and Outlet],Power_Patch[Fixture Number]), "") | G20: =_xlfn.IFNA(_xlfn.XLOOKUP($K20, Power_Patch[Combined Rack Number and Outlet],Power_Patch[Location]), "") | H20: =IFERROR(VLOOKUP(E20,ActiveFixtures,2,FALSE),"") | K20: =IF(ISBLANK(C20), "", $D$3&"-"&$C20) -> 2-13
B21: =_xlfn.IFNA(_xlfn.XLOOKUP($K20, Power_Patch[Combined Rack Number and Outlet],Power_Patch[Multi Name]), "") | C21: 14 | D21: =B21&".2" -> .2 | E21: =_xlfn.IFNA(_xlfn.XLOOKUP($K21, Power_Patch[Combined Rack Number and Outlet],Power_Patch[Fixture Type]), "") | F21: =_xlfn.IFNA(_xlfn.XLOOKUP($K21, Power_Patch[Combined Rack Number and Outlet],Power_Patch[Fixture Number]), "") | H21: =IFERROR(VLOOKUP(E21,ActiveFixtures,2,FALSE),"") | K21: =IF(ISBLANK(C21), "", $D$3&"-"&$C21) -> 2-14
C22: 15 | D22: =B21&".3" -> .3 | E22: =_xlfn.IFNA(_xlfn.XLOOKUP($K22, Power_Patch[Combined Rack Number and Outlet],Power_Patch[Fixture Type]), "") | F22: =_xlfn.IFNA(_xlfn.XLOOKUP($K22, Power_Patch[Combined Rack Number and Outlet],Power_Patch[Fixture Number]), "") | H22: =IFERROR(VLOOKUP(E22,ActiveFixtures,2,FALSE),"") | K22: =IF(ISBLANK(C22), "", $D$3&"-"&$C22) -> 2-15
C23: 16 | D23: =B21&".4" -> .4 | E23: =_xlfn.IFNA(_xlfn.XLOOKUP($K23, Power_Patch[Combined Rack Number and Outlet],Power_Patch[Fixture Type]), "") | F23: =_xlfn.IFNA(_xlfn.XLOOKUP($K23, Power_Patch[Combined Rack Number and Outlet],Power_Patch[Fixture Number]), "") | H23: =IFERROR(VLOOKUP(E23,ActiveFixtures,2,FALSE),"") | K23: =IF(ISBLANK(C23), "", $D$3&"-"&$C23) -> 2-16
C24: 17 | D24: =B21&".5" -> .5 | E24: =_xlfn.IFNA(_xlfn.XLOOKUP($K24, Power_Patch[Combined Rack Number and Outlet],Power_Patch[Fixture Type]), "") | F24: =_xlfn.IFNA(_xlfn.XLOOKUP($K24, Power_Patch[Combined Rack Number and Outlet],Power_Patch[Fixture Number]), "") | H24: =IFERROR(VLOOKUP(E24,ActiveFixtures,2,FALSE),"") | K24: =IF(ISBLANK(C24), "", $D$3&"-"&$C24) -> 2-17
C25: 18 | D25: =B21&".6" -> .6 | E25: =_xlfn.IFNA(_xlfn.XLOOKUP($K25, Power_Patch[Combined Rack Number and Outlet],Power_Patch[Fixture Type]), "") | F25: =_xlfn.IFNA(_xlfn.XLOOKUP($K25, Power_Patch[Combined Rack Number and Outlet],Power_Patch[Fixture Number]), "") | H25: =IFERROR(VLOOKUP(E25,ActiveFixtures,2,FALSE),"") | K25: =IF(ISBLANK(C25), "", $D$3&"-"&$C25) -> 2-18
K26: =IF(ISBLANK(C26), "", $D$3&"-"&$C26)
B27: Loom ID | C27: 19 | D27: =B28&".1" -> .1 | E27: =_xlfn.IFNA(_xlfn.XLOOKUP($K27, Power_Patch[Combined Rack Number and Outlet],Power_Patch[Fixture Type]), "") | F27: =_xlfn.IFNA(_xlfn.XLOOKUP($K27, Power_Patch[Combined Rack Number and Outlet],Power_Patch[Fixture Number]), "") | G27: =_xlfn.IFNA(_xlfn.XLOOKUP($K27, Power_Patch[Combined Rack Number and Outlet],Power_Patch[Location]), "") | H27: =IFERROR(VLOOKUP(E27,ActiveFixtures,2,FALSE),"") | K27: =IF(ISBLANK(C27), "", $D$3&"-"&$C27) -> 2-19
B28: =_xlfn.IFNA(_xlfn.XLOOKUP($K27, Power_Patch[Combined Rack Number and Outlet],Power_Patch[Multi Name]), "") | C28: 20 | D28: =B28&".2" -> .2 | E28: =_xlfn.IFNA(_xlfn.XLOOKUP($K28, Power_Patch[Combined Rack Number and Outlet],Power_Patch[Fixture Type]), "") | F28: =_xlfn.IFNA(_xlfn.XLOOKUP($K28, Power_Patch[Combined Rack Number and Outlet],Power_Patch[Fixture Number]), "") | H28: =IFERROR(VLOOKUP(E28,ActiveFixtures,2,FALSE),"") | K28: =IF(ISBLANK(C28), "", $D$3&"-"&$C28) -> 2-20
C29: 21 | D29: =B28&".3" -> .3 | E29: =_xlfn.IFNA(_xlfn.XLOOKUP($K29, Power_Patch[Combined Rack Number and Outlet],Power_Patch[Fixture Type]), "") | F29: =_xlfn.IFNA(_xlfn.XLOOKUP($K29, Power_Patch[Combined Rack Number and Outlet],Power_Patch[Fixture Number]), "") | H29: =IFERROR(VLOOKUP(E29,ActiveFixtures,2,FALSE),"") | K29: =IF(ISBLANK(C29), "", $D$3&"-"&$C29) -> 2-21
C30: 22 | D30: =B28&".4" -> .4 | E30: =_xlfn.IFNA(_xlfn.XLOOKUP($K30, Power_Patch[Combined Rack Number and Outlet],Power_Patch[Fixture Type]), "") | F30: =_xlfn.IFNA(_xlfn.XLOOKUP($K30, Power_Patch[Combined Rack Number and Outlet],Power_Patch[Fixture Number]), "") | H30: =IFERROR(VLOOKUP(E30,ActiveFixtures,2,FALSE),"") | K30: =IF(ISBLANK(C30), "", $D$3&"-"&$C30) -> 2-22
C31: 23 | D31: =B28&".5" -> .5 | E31: =_xlfn.IFNA(_xlfn.XLOOKUP($K31, Power_Patch[Combined Rack Number and Outlet],Power_Patch[Fixture Type]), "") | F31: =_xlfn.IFNA(_xlfn.XLOOKUP($K31, Power_Patch[Combined Rack Number and Outlet],Power_Patch[Fixture Number]), "") | H31: =IFERROR(VLOOKUP(E31,ActiveFixtures,2,FALSE),"") | K31: =IF(ISBLANK(C31), "", $D$3&"-"&$C31) -> 2-23
C32: 24 | D32: =B28&".6" -> .6 | E32: =_xlfn.IFNA(_xlfn.XLOOKUP($K32, Power_Patch[Combined Rack Number and Outlet],Power_Patch[Fixture Type]), "") | F32: =_xlfn.IFNA(_xlfn.XLOOKUP($K32, Power_Patch[Combined Rack Number and Outlet],Power_Patch[Fixture Number]), "") | H32: =IFERROR(VLOOKUP(E32,ActiveFixtures,2,FALSE),"") | K32: =IF(ISBLANK(C32), "", $D$3&"-"&$C32) -> 2-24
K33: =IF(ISBLANK(C33), "", $D$3&"-"&$C33)
B34: Loom ID | C34: 25 | D34: =B35&".1" -> .1 | E34: =_xlfn.IFNA(_xlfn.XLOOKUP($K34, Power_Patch[Combined Rack Number and Outlet],Power_Patch[Fixture Type]), "") | F34: =_xlfn.IFNA(_xlfn.XLOOKUP($K34, Power_Patch[Combined Rack Number and Outlet],Power_Patch[Fixture Number]), "") | G34: =_xlfn.IFNA(_xlfn.XLOOKUP($K34, Power_Patch[Combined Rack Number and Outlet],Power_Patch[Location]), "") | H34: =IFERROR(VLOOKUP(E34,ActiveFixtures,2,FALSE),"") | K34: =IF(ISBLANK(C34), "", $D$3&"-"&$C34) -> 2-25
B35: =_xlfn.IFNA(_xlfn.XLOOKUP($K34, Power_Patch[Combined Rack Number and Outlet],Power_Patch[Multi Name]), "") | C35: 26 | D35: =B35&".2" -> .2 | E35: =_xlfn.IFNA(_xlfn.XLOOKUP($K35, Power_Patch[Combined Rack Number and Outlet],Power_Patch[Fixture Type]), "") | F35: =_xlfn.IFNA(_xlfn.XLOOKUP($K35, Power_Patch[Combined Rack Number and Outlet],Power_Patch[Fixture Number]), "") | H35: =IFERROR(VLOOKUP(E35,ActiveFixtures,2,FALSE),"") | K35: =IF(ISBLANK(C35), "", $D$3&"-"&$C35) -> 2-26
C36: 27 | D36: =B35&".3" -> .3 | E36: =_xlfn.IFNA(_xlfn.XLOOKUP($K36, Power_Patch[Combined Rack Number and Outlet],Power_Patch[Fixture Type]), "") | F36: =_xlfn.IFNA(_xlfn.XLOOKUP($K36, Power_Patch[Combined Rack Number and Outlet],Power_Patch[Fixture Number]), "") | H36: =IFERROR(VLOOKUP(E36,ActiveFixtures,2,FALSE),"") | K36: =IF(ISBLANK(C36), "", $D$3&"-"&$C36) -> 2-27
C37: 28 | D37: =B35&".4" -> .4 | E37: =_xlfn.IFNA(_xlfn.XLOOKUP($K37, Power_Patch[Combined Rack Number and Outlet],Power_Patch[Fixture Type]), "") | F37: =_xlfn.IFNA(_xlfn.XLOOKUP($K37, Power_Patch[Combined Rack Number and Outlet],Power_Patch[Fixture Number]), "") | H37: =IFERROR(VLOOKUP(E37,ActiveFixtures,2,FALSE),"") | K37: =IF(ISBLANK(C37), "", $D$3&"-"&$C37) -> 2-28
C38: 29 | D38: =B35&".5" -> .5 | E38: =_xlfn.IFNA(_xlfn.XLOOKUP($K38, Power_Patch[Combined Rack Number and Outlet],Power_Patch[Fixture Type]), "") | F38: =_xlfn.IFNA(_xlfn.XLOOKUP($K38, Power_Patch[Combined Rack Number and Outlet],Power_Patch[Fixture Number]), "") | H38: =IFERROR(VLOOKUP(E38,ActiveFixtures,2,FALSE),"") | K38: =IF(ISBLANK(C38), "", $D$3&"-"&$C38) -> 2-29
C39: 30 | D39: =B35&".6" -> .6 | E39: =_xlfn.IFNA(_xlfn.XLOOKUP($K39, Power_Patch[Combined Rack Number and Outlet],Power_Patch[Fixture Type]), "") | F39: =_xlfn.IFNA(_xlfn.XLOOKUP($K39, Power_Patch[Combined Rack Number and Outlet],Power_Patch[Fixture Number]), "") | H39: =IFERROR(VLOOKUP(E39,ActiveFixtures,2,FALSE),"") | K39: =IF(ISBLANK(C39), "", $D$3&"-"&$C39) -> 2-30
K40: =IF(ISBLANK(C40), "", $D$3&"-"&$C40)
B41: Loom ID | C41: 31 | D41: =B42&".1" -> .1 | E41: =_xlfn.IFNA(_xlfn.XLOOKUP($K41, Power_Patch[Combined Rack Number and Outlet],Power_Patch[Fixture Type]), "") | F41: =_xlfn.IFNA(_xlfn.XLOOKUP($K41, Power_Patch[Combined Rack Number and Outlet],Power_Patch[Fixture Number]), "") | G41: =_xlfn.IFNA(_xlfn.XLOOKUP($K41, Power_Patch[Combined Rack Number and Outlet],Power_Patch[Location]), "") | H41: =IFERROR(VLOOKUP(E41,ActiveFixtures,2,FALSE),"") | K41: =IF(ISBLANK(C41), "", $D$3&"-"&$C41) -> 2-31
B42: =_xlfn.IFNA(_xlfn.XLOOKUP($K41, Power_Patch[Combined Rack Number and Outlet],Power_Patch[Multi Name]), "") | C42: 32 | D42: =B42&".2" -> .2 | E42: =_xlfn.IFNA(_xlfn.XLOOKUP($K42, Power_Patch[Combined Rack Number and Outlet],Power_Patch[Fixture Type]), "") | F42: =_xlfn.IFNA(_xlfn.XLOOKUP($K42, Power_Patch[Combined Rack Number and Outlet],Power_Patch[Fixture Number]), "") | H42: =IFERROR(VLOOKUP(E42,ActiveFixtures,2,FALSE),"") | K42: =IF(ISBLANK(C42), "", $D$3&"-"&$C42) -> 2-32
C43: 33 | D43: =B42&".3" -> .3 | E43: =_xlfn.IFNA(_xlfn.XLOOKUP($K43, Power_Patch[Combined Rack Number and Outlet],Power_Patch[Fixture Type]), "") | F43: =_xlfn.IFNA(_xlfn.XLOOKUP($K43, Power_Patch[Combined Rack Number and Outlet],Power_Patch[Fixture Number]), "") | H43: =IFERROR(VLOOKUP(E43,ActiveFixtures,2,FALSE),"") | K43: =IF(ISBLANK(C43), "", $D$3&"-"&$C43) -> 2-33
C44: 34 | D44: =B42&".4" -> .4 | E44: =_xlfn.IFNA(_xlfn.XLOOKUP($K44, Power_Patch[Combined Rack Number and Outlet],Power_Patch[Fixture Type]), "") | F44: =_xlfn.IFNA(_xlfn.XLOOKUP($K44, Power_Patch[Combined Rack Number and Outlet],Power_Patch[Fixture Number]), "") | H44: =IFERROR(VLOOKUP(E44,ActiveFixtures,2,FALSE),"") | K44: =IF(ISBLANK(C44), "", $D$3&"-"&$C44) -> 2-34
C45: 35 | D45: =B42&".5" -> .5 | E45: =_xlfn.IFNA(_xlfn.XLOOKUP($K45, Power_Patch[Combined Rack Number and Outlet],Power_Patch[Fixture Type]), "") | F45: =_xlfn.IFNA(_xlfn.XLOOKUP($K45, Power_Patch[Combined Rack Number and Outlet],Power_Patch[Fixture Number]), "") | H45: =IFERROR(VLOOKUP(E45,ActiveFixtures,2,FALSE),"") | K45: =IF(ISBLANK(C45), "", $D$3&"-"&$C45) -> 2-35
C46: 36 | D46: =B42&".6" -> .6 | E46: =_xlfn.IFNA(_xlfn.XLOOKUP($K46, Power_Patch[Combined Rack Number and Outlet],Power_Patch[Fixture Type]), "") | F46: =_xlfn.IFNA(_xlfn.XLOOKUP($K46, Power_Patch[Combined Rack Number and Outlet],Power_Patch[Fixture Number]), "") | H46: =IFERROR(VLOOKUP(E46,ActiveFixtures,2,FALSE),"") | K46: =IF(ISBLANK(C46), "", $D$3&"-"&$C46) -> 2-36
K47: =IF(ISBLANK(C47), "", $D$3&"-"&$C47)
B48: Loom ID | C48: 37 | D48: =B49&".1" -> .1 | E48: =_xlfn.IFNA(_xlfn.XLOOKUP($K48, Power_Patch[Combined Rack Number and Outlet],Power_Patch[Fixture Type]), "") | F48: =_xlfn.IFNA(_xlfn.XLOOKUP($K48, Power_Patch[Combined Rack Number and Outlet],Power_Patch[Fixture Number]), "") | G48: =_xlfn.IFNA(_xlfn.XLOOKUP($K48, Power_Patch[Combined Rack Number and Outlet],Power_Patch[Location]), "") | H48: =IFERROR(VLOOKUP(E48,ActiveFixtures,2,FALSE),"") | K48: =IF(ISBLANK(C48), "", $D$3&"-"&$C48) -> 2-37
B49: =_xlfn.IFNA(_xlfn.XLOOKUP($K48, Power_Patch[Combined Rack Number and Outlet],Power_Patch[Multi Name]), "") | C49: 38 | D49: =B49&".2" -> .2 | E49: =_xlfn.IFNA(_xlfn.XLOOKUP($K49, Power_Patch[Combined Rack Number and Outlet],Power_Patch[Fixture Type]), "") | F49: =_xlfn.IFNA(_xlfn.XLOOKUP($K49, Power_Patch[Combined Rack Number and Outlet],Power_Patch[Fixture Number]), "") | H49: =IFERROR(VLOOKUP(E49,ActiveFixtures,2,FALSE),"") | K49: =IF(ISBLANK(C49), "", $D$3&"-"&$C49) -> 2-38
C50: 39 | D50: =B49&".3" -> .3 | E50: =_xlfn.IFNA(_xlfn.XLOOKUP($K50, Power_Patch[Combined Rack Number and Outlet],Power_Patch[Fixture Type]), "") | F50: =_xlfn.IFNA(_xlfn.XLOOKUP($K50, Power_Patch[Combined Rack Number and Outlet],Power_Patch[Fixture Number]), "") | H50: =IFERROR(VLOOKUP(E50,ActiveFixtures,2,FALSE),"") | K50: =IF(ISBLANK(C50), "", $D$3&"-"&$C50) -> 2-39
C51: 40 | D51: =B49&".4" -> .4 | E51: =_xlfn.IFNA(_xlfn.XLOOKUP($K51, Power_Patch[Combined Rack Number and Outlet],Power_Patch[Fixture Type]), "") | F51: =_xlfn.IFNA(_xlfn.XLOOKUP($K51, Power_Patch[Combined Rack Number and Outlet],Power_Patch[Fixture Number]), "") | H51: =IFERROR(VLOOKUP(E51,ActiveFixtures,2,FALSE),"") | K51: =IF(ISBLANK(C51), "", $D$3&"-"&$C51) -> 2-40
C52: 41 | D52: =B49&".5" -> .5 | E52: =_xlfn.IFNA(_xlfn.XLOOKUP($K52, Power_Patch[Combined Rack Number and Outlet],Power_Patch[Fixture Type]), "") | F52: =_xlfn.IFNA(_xlfn.XLOOKUP($K52, Power_Patch[Combined Rack Number and Outlet],Power_Patch[Fixture Number]), "") | H52: =IFERROR(VLOOKUP(E52,ActiveFixtures,2,FALSE),"") | K52: =IF(ISBLANK(C52), "", $D$3&"-"&$C52) -> 2-41
C53: 42 | D53: =B49&".6" -> .6 | E53: =_xlfn.IFNA(_xlfn.XLOOKUP($K53, Power_Patch[Combined Rack Number and Outlet],Power_Patch[Fixture Type]), "") | F53: =_xlfn.IFNA(_xlfn.XLOOKUP($K53, Power_Patch[Combined Rack Number and Outlet],Power_Patch[Fixture Number]), "") | H53: =IFERROR(VLOOKUP(E53,ActiveFixtures,2,FALSE),"") | K53: =IF(ISBLANK(C53), "", $D$3&"-"&$C53) -> 2-42
K54: =IF(ISBLANK(C54), "", $D$3&"-"&$C54)
B55: Loom ID | C55: 43 | D55: =B56&".1" -> .1 | E55: =_xlfn.IFNA(_xlfn.XLOOKUP($K55, Power_Patch[Combined Rack Number and Outlet],Power_Patch[Fixture Type]), "") | F55: =_xlfn.IFNA(_xlfn.XLOOKUP($K55, Power_Patch[Combined Rack Number and Outlet],Power_Patch[Fixture Number]), "") | G55: =_xlfn.IFNA(_xlfn.XLOOKUP($K55, Power_Patch[Combined Rack Number and Outlet],Power_Patch[Location]), "") | H55: =IFERROR(VLOOKUP(E55,ActiveFixtures,2,FALSE),"") | K55: =IF(ISBLANK(C55), "", $D$3&"-"&$C55) -> 2-43
B56: =_xlfn.IFNA(_xlfn.XLOOKUP($K55, Power_Patch[Combined Rack Number and Outlet],Power_Patch[Multi Name]), "") | C56: 44 | D56: =B56&".2" -> .2 | E56: =_xlfn.IFNA(_xlfn.XLOOKUP($K56, Power_Patch[Combined Rack Number and Outlet],Power_Patch[Fixture Type]), "") | F56: =_xlfn.IFNA(_xlfn.XLOOKUP($K56, Power_Patch[Combined Rack Number and Outlet],Power_Patch[Fixture Number]), "") | H56: =IFERROR(VLOOKUP(E56,ActiveFixtures,2,FALSE),"") | K56: =IF(ISBLANK(C56), "", $D$3&"-"&$C56) -> 2-44
C57: 45 | D57: =B56&".3" -> .3 | E57: =_xlfn.IFNA(_xlfn.XLOOKUP($K57, Power_Patch[Combined Rack Number and Outlet],Power_Patch[Fixture Type]), "") | F57: =_xlfn.IFNA(_xlfn.XLOOKUP($K57, Power_Patch[Combined Rack Number and Outlet],Power_Patch[Fixture Number]), "") | H57: =IFERROR(VLOOKUP(E57,ActiveFixtures,2,FALSE),"") | K57: =IF(ISBLANK(C57), "", $D$3&"-"&$C57) -> 2-45
C58: 46 | D58: =B56&".4" -> .4 | E58: =_xlfn.IFNA(_xlfn.XLOOKUP($K58, Power_Patch[Combined Rack Number and Outlet],Power_Patch[Fixture Type]), "") | F58: =_xlfn.IFNA(_xlfn.XLOOKUP($K58, Power_Patch[Combined Rack Number and Outlet],Power_Patch[Fixture Number]), "") | H58: =IFERROR(VLOOKUP(E58,ActiveFixtures,2,FALSE),"") | K58: =IF(ISBLANK(C58), "", $D$3&"-"&$C58) -> 2-46
C59: 47 | D59: =B56&".5" -> .5 | E59: =_xlfn.IFNA(_xlfn.XLOOKUP($K59, Power_Patch[Combined Rack Number and Outlet],Power_Patch[Fixture Type]), "") | F59: =_xlfn.IFNA(_xlfn.XLOOKUP($K59, Power_Patch[Combined Rack Number and Outlet],Power_Patch[Fixture Number]), "") | H59: =IFERROR(VLOOKUP(E59,ActiveFixtures,2,FALSE),"") | K59: =IF(ISBLANK(C59), "", $D$3&"-"&$C59) -> 2-47
C60: 48 | D60: =B56&".6" -> .6 | E60: =_xlfn.IFNA(_xlfn.XLOOKUP($K60, Power_Patch[Combined Rack Number and Outlet],Power_Patch[Fixture Type]), "") | F60: =_xlfn.IFNA(_xlfn.XLOOKUP($K60, Power_Patch[Combined Rack Number and Outlet],Power_Patch[Fixture Number]), "") | H60: =IFERROR(VLOOKUP(E60,ActiveFixtures,2,FALSE),"") | K60: =IF(ISBLANK(C60), "", $D$3&"-"&$C60) -> 2-48
F61: AMPS PER PHASE 1 | H61: =SUM(H6,H9,H13,H16,H20,H23,H27,H30,H34,H37,H41,H44,H48,H51,H55,H58,H69,H72,H76,H79,H83,H86,H90,H93,H97,H100,H104,H107,H111,H114,H118,H121) -> 0 | K61: =IF(ISBLANK(C61), "", $D$3&"-"&$C61)
F62: AMPS PER PHASE 2 | H62: =SUM(H7,H10,H14,H17,H21,H24,H28,H31,H35,H38,H42,H45,H49,H52,H56,H59,H70,H73,H77,H80,H84,H87,H91,H94,H98,H101,H105,H108,H112,H115,H119,H122) -> 0 | K62: =IF(ISBLANK(C62), "", $D$3&"-"&$C62)
F63: AMPS PER PHASE 3 | H63: =SUM(H8,H11,H15,H18,H22,H25,H29,H32,H36,H39,H43,H46,H50,H53,H57,H60,H71,H74,H78,H81,H85,H88,H92,H95,H99,H102,H106,H109,H113,H116,H120,H123) -> 0 | K63: =IF(ISBLANK(C63), "", $D$3&"-"&$C63)
K64: =IF(ISBLANK(C64), "", $D$3&"-"&$C64)
B65: SHOW | D65: =Fixtures!C2 -> Untitled Show | K65: =IF(ISBLANK(C65), "", $D$3&"-"&$C65)
B66: B: RACK# | D66: =D3 -> 2 | K66: =IF(ISBLANK(C66), "", $D$3&"-"&$C66)
K67: =IF(ISBLANK(C67), "", $D$3&"-"&$C67)
C68: CHL | D68: CIRCUT | E68: FIXTURE | F68: FIX. NO. | G68: LOCATION | H68: AMPS | K68: =IF(ISBLANK(C68), "", $D$3&"-"&$C68) -> 2-CHL
B69: Loom ID | C69: 49 | D69: =B70&".1" -> .1 | E69: =_xlfn.IFNA(_xlfn.XLOOKUP($K69, Power_Patch[Combined Rack Number and Outlet],Power_Patch[Fixture Type]), "") | F69: =_xlfn.IFNA(_xlfn.XLOOKUP($K69, Power_Patch[Combined Rack Number and Outlet],Power_Patch[Fixture Number]), "") | G69: =_xlfn.IFNA(_xlfn.XLOOKUP($K69, Power_Patch[Combined Rack Number and Outlet],Power_Patch[Location]), "") | H69: =IFERROR(VLOOKUP(E69,ActiveFixtures,2,FALSE),"") | K69: =IF(ISBLANK(C69), "", $D$3&"-"&$C69) -> 2-49
B70: =_xlfn.IFNA(_xlfn.XLOOKUP($K69, Power_Patch[Combined Rack Number and Outlet],Power_Patch[Multi Name]), "") | C70: 50 | D70: =B70&".2" -> .2 | E70: =_xlfn.IFNA(_xlfn.XLOOKUP($K70, Power_Patch[Combined Rack Number and Outlet],Power_Patch[Fixture Type]), "") | F70: =_xlfn.IFNA(_xlfn.XLOOKUP($K70, Power_Patch[Combined Rack Number and Outlet],Power_Patch[Fixture Number]), "") | H70: =IFERROR(VLOOKUP(E70,ActiveFixtures,2,FALSE),"") | K70: =IF(ISBLANK(C70), "", $D$3&"-"&$C70) -> 2-50
C71: 51 | D71: =B70&".3" -> .3 | E71: =_xlfn.IFNA(_xlfn.XLOOKUP($K71, Power_Patch[Combined Rack Number and Outlet],Power_Patch[Fixture Type]), "") | F71: =_xlfn.IFNA(_xlfn.XLOOKUP($K71, Power_Patch[Combined Rack Number and Outlet],Power_Patch[Fixture Number]), "") | H71: =IFERROR(VLOOKUP(E71,ActiveFixtures,2,FALSE),"") | K71: =IF(ISBLANK(C71), "", $D$3&"-"&$C71) -> 2-51
C72: 52 | D72: =B70&".4" -> .4 | E72: =_xlfn.IFNA(_xlfn.XLOOKUP($K72, Power_Patch[Combined Rack Number and Outlet],Power_Patch[Fixture Type]), "") | F72: =_xlfn.IFNA(_xlfn.XLOOKUP($K72, Power_Patch[Combined Rack Number and Outlet],Power_Patch[Fixture Number]), "") | H72: =IFERROR(VLOOKUP(E72,ActiveFixtures,2,FALSE),"") | K72: =IF(ISBLANK(C72), "", $D$3&"-"&$C72) -> 2-52
C73: 53 | D73: =B70&".5" -> .5 | E73: =_xlfn.IFNA(_xlfn.XLOOKUP($K73, Power_Patch[Combined Rack Number and Outlet],Power_Patch[Fixture Type]), "") | F73: =_xlfn.IFNA(_xlfn.XLOOKUP($K73, Power_Patch[Combined Rack Number and Outlet],Power_Patch[Fixture Number]), "") | H73: =IFERROR(VLOOKUP(E73,ActiveFixtures,2,FALSE),"") | K73: =IF(ISBLANK(C73), "", $D$3&"-"&$C73) -> 2-53
C74: 54 | D74: =B70&".6" -> .6 | E74: =_xlfn.IFNA(_xlfn.XLOOKUP($K74, Power_Patch[Combined Rack Number and Outlet],Power_Patch[Fixture Type]), "") | F74: =_xlfn.IFNA(_xlfn.XLOOKUP($K74, Power_Patch[Combined Rack Number and Outlet],Power_Patch[Fixture Number]), "") | H74: =IFERROR(VLOOKUP(E74,ActiveFixtures,2,FALSE),"") | K74: =IF(ISBLANK(C74), "", $D$3&"-"&$C74) -> 2-54
K75: =IF(ISBLANK(C75), "", $D$3&"-"&$C75)
B76: Loom ID | C76: 55 | D76: =B77&".1" -> .1 | E76: =_xlfn.IFNA(_xlfn.XLOOKUP($K76, Power_Patch[Combined Rack Number and Outlet],Power_Patch[Fixture Type]), "") | F76: =_xlfn.IFNA(_xlfn.XLOOKUP($K76, Power_Patch[Combined Rack Number and Outlet],Power_Patch[Fixture Number]), "") | G76: =_xlfn.IFNA(_xlfn.XLOOKUP($K76, Power_Patch[Combined Rack Number and Outlet],Power_Patch[Location]), "") | H76: =IFERROR(VLOOKUP(E76,ActiveFixtures,2,FALSE),"") | K76: =IF(ISBLANK(C76), "", $D$3&"-"&$C76) -> 2-55
B77: =_xlfn.IFNA(_xlfn.XLOOKUP($K76, Power_Patch[Combined Rack Number and Outlet],Power_Patch[Multi Name]), "") | C77: 56 | D77: =B77&".2" -> .2 | E77: =_xlfn.IFNA(_xlfn.XLOOKUP($K77, Power_Patch[Combined Rack Number and Outlet],Power_Patch[Fixture Type]), "") | F77: =_xlfn.IFNA(_xlfn.XLOOKUP($K77, Power_Patch[Combined Rack Number and Outlet],Power_Patch[Fixture Number]), "") | H77: =IFERROR(VLOOKUP(E77,ActiveFixtures,2,FALSE),"") | K77: =IF(ISBLANK(C77), "", $D$3&"-"&$C77) -> 2-56
C78: 57 | D78: =B77&".3" -> .3 | E78: =_xlfn.IFNA(_xlfn.XLOOKUP($K78, Power_Patch[Combined Rack Number and Outlet],Power_Patch[Fixture Type]), "") | F78: =_xlfn.IFNA(_xlfn.XLOOKUP($K78, Power_Patch[Combined Rack Number and Outlet],Power_Patch[Fixture Number]), "") | H78: =IFERROR(VLOOKUP(E78,ActiveFixtures,2,FALSE),"") | K78: =IF(ISBLANK(C78), "", $D$3&"-"&$C78) -> 2-57
C79: 58 | D79: =B77&".4" -> .4 | E79: =_xlfn.IFNA(_xlfn.XLOOKUP($K79, Power_Patch[Combined Rack Number and Outlet],Power_Patch[Fixture Type]), "") | F79: =_xlfn.IFNA(_xlfn.XLOOKUP($K79, Power_Patch[Combined Rack Number and Outlet],Power_Patch[Fixture Number]), "") | H79: =IFERROR(VLOOKUP(E79,ActiveFixtures,2,FALSE),"") | K79: =IF(ISBLANK(C79), "", $D$3&"-"&$C79) -> 2-58
C80: 59 | D80: =B77&".5" -> .5 | E80: =_xlfn.IFNA(_xlfn.XLOOKUP($K80, Power_Patch[Combined Rack Number and Outlet],Power_Patch[Fixture Type]), "") | F80: =_xlfn.IFNA(_xlfn.XLOOKUP($K80, Power_Patch[Combined Rack Number and Outlet],Power_Patch[Fixture Number]), "") | H80: =IFERROR(VLOOKUP(E80,ActiveFixtures,2,FALSE),"") | K80: =IF(ISBLANK(C80), "", $D$3&"-"&$C80) -> 2-59
C81: 60 | D81: =B77&".6" -> .6 | E81: =_xlfn.IFNA(_xlfn.XLOOKUP($K81, Power_Patch[Combined Rack Number and Outlet],Power_Patch[Fixture Type]), "") | F81: =_xlfn.IFNA(_xlfn.XLOOKUP($K81, Power_Patch[Combined Rack Number and Outlet],Power_Patch[Fixture Number]), "") | H81: =IFERROR(VLOOKUP(E81,ActiveFixtures,2,FALSE),"") | K81: =IF(ISBLANK(C81), "", $D$3&"-"&$C81) -> 2-60
K82: =IF(ISBLANK(C82), "", $D$3&"-"&$C82)
B83: Loom ID | C83: 61 | D83: =B84&".1" -> .1 | E83: =_xlfn.IFNA(_xlfn.XLOOKUP($K83, Power_Patch[Combined Rack Number and Outlet],Power_Patch[Fixture Type]), "") | F83: =_xlfn.IFNA(_xlfn.XLOOKUP($K83, Power_Patch[Combined Rack Number and Outlet],Power_Patch[Fixture Number]), "") | G83: =_xlfn.IFNA(_xlfn.XLOOKUP($K83, Power_Patch[Combined Rack Number and Outlet],Power_Patch[Location]), "") | H83: =IFERROR(VLOOKUP(E83,ActiveFixtures,2,FALSE),"") | K83: =IF(ISBLANK(C83), "", $D$3&"-"&$C83) -> 2-61
B84: =_xlfn.IFNA(_xlfn.XLOOKUP($K83, Power_Patch[Combined Rack Number and Outlet],Power_Patch[Multi Name]), "") | C84: 62 | D84: =B84&".2" -> .2 | E84: =_xlfn.IFNA(_xlfn.XLOOKUP($K84, Power_Patch[Combined Rack Number and Outlet],Power_Patch[Fixture Type]), "") | F84: =_xlfn.IFNA(_xlfn.XLOOKUP($K84, Power_Patch[Combined Rack Number and Outlet],Power_Patch[Fixture Number]), "") | H84: =IFERROR(VLOOKUP(E84,ActiveFixtures,2,FALSE),"") | K84: =IF(ISBLANK(C84), "", $D$3&"-"&$C84) -> 2-62
C85: 63 | D85: =B84&".3" -> .3 | E85: =_xlfn.IFNA(_xlfn.XLOOKUP($K85, Power_Patch[Combined Rack Number and Outlet],Power_Patch[Fixture Type]), "") | F85: =_xlfn.IFNA(_xlfn.XLOOKUP($K85, Power_Patch[Combined Rack Number and Outlet],Power_Patch[Fixture Number]), "") | H85: =IFERROR(VLOOKUP(E85,ActiveFixtures,2,FALSE),"") | K85: =IF(ISBLANK(C85), "", $D$3&"-"&$C85) -> 2-63
C86: 64 | D86: =B84&".4" -> .4 | E86: =_xlfn.IFNA(_xlfn.XLOOKUP($K86, Power_Patch[Combined Rack Number and Outlet],Power_Patch[Fixture Type]), "") | F86: =_xlfn.IFNA(_xlfn.XLOOKUP($K86, Power_Patch[Combined Rack Number and Outlet],Power_Patch[Fixture Number]), "") | H86: =IFERROR(VLOOKUP(E86,ActiveFixtures,2,FALSE),"") | K86: =IF(ISBLANK(C86), "", $D$3&"-"&$C86) -> 2-64
C87: 65 | D87: =B84&".5" -> .5 | E87: =_xlfn.IFNA(_xlfn.XLOOKUP($K87, Power_Patch[Combined Rack Number and Outlet],Power_Patch[Fixture Type]), "") | F87: =_xlfn.IFNA(_xlfn.XLOOKUP($K87, Power_Patch[Combined Rack Number and Outlet],Power_Patch[Fixture Number]), "") | H87: =IFERROR(VLOOKUP(E87,ActiveFixtures,2,FALSE),"") | K87: =IF(ISBLANK(C87), "", $D$3&"-"&$C87) -> 2-65
C88: 66 | D88: =B84&".6" -> .6 | E88: =_xlfn.IFNA(_xlfn.XLOOKUP($K88, Power_Patch[Combined Rack Number and Outlet],Power_Patch[Fixture Type]), "") | F88: =_xlfn.IFNA(_xlfn.XLOOKUP($K88, Power_Patch[Combined Rack Number and Outlet],Power_Patch[Fixture Number]), "") | H88: =IFERROR(VLOOKUP(E88,ActiveFixtures,2,FALSE),"") | K88: =IF(ISBLANK(C88), "", $D$3&"-"&$C88) -> 2-66
K89: =IF(ISBLANK(C89), "", $D$3&"-"&$C89)
B90: Loom ID | C90: 67 | D90: =B91&".1" -> .1 | E90: =_xlfn.IFNA(_xlfn.XLOOKUP($K90, Power_Patch[Combined Rack Number and Outlet],Power_Patch[Fixture Type]), "") | F90: =_xlfn.IFNA(_xlfn.XLOOKUP($K90, Power_Patch[Combined Rack Number and Outlet],Power_Patch[Fixture Number]), "") | G90: =_xlfn.IFNA(_xlfn.XLOOKUP($K90, Power_Patch[Combined Rack Number and Outlet],Power_Patch[Location]), "") | H90: =IFERROR(VLOOKUP(E90,ActiveFixtures,2,FALSE),"") | K90: =IF(ISBLANK(C90), "", $D$3&"-"&$C90) -> 2-67
B91: =_xlfn.IFNA(_xlfn.XLOOKUP($K90, Power_Patch[Combined Rack Number and Outlet],Power_Patch[Multi Name]), "") | C91: 68 | D91: =B91&".2" -> .2 | E91: =_xlfn.IFNA(_xlfn.XLOOKUP($K91, Power_Patch[Combined Rack Number and Outlet],Power_Patch[Fixture Type]), "") | F91: =_xlfn.IFNA(_xlfn.XLOOKUP($K91, Power_Patch[Combined Rack Number and Outlet],Power_Patch[Fixture Number]), "") | H91: =IFERROR(VLOOKUP(E91,ActiveFixtures,2,FALSE),"") | K91: =IF(ISBLANK(C91), "", $D$3&"-"&$C91) -> 2-68
C92: 69 | D92: =B91&".3" -> .3 | E92: =_xlfn.IFNA(_xlfn.XLOOKUP($K92, Power_Patch[Combined Rack Number and Outlet],Power_Patch[Fixture Type]), "") | F92: =_xlfn.IFNA(_xlfn.XLOOKUP($K92, Power_Patch[Combined Rack Number and Outlet],Power_Patch[Fixture Number]), "") | H92: =IFERROR(VLOOKUP(E92,ActiveFixtures,2,FALSE),"") | K92: =IF(ISBLANK(C92), "", $D$3&"-"&$C92) -> 2-69
C93: 70 | D93: =B91&".4" -> .4 | E93: =_xlfn.IFNA(_xlfn.XLOOKUP($K93, Power_Patch[Combined Rack Number and Outlet],Power_Patch[Fixture Type]), "") | F93: =_xlfn.IFNA(_xlfn.XLOOKUP($K93, Power_Patch[Combined Rack Number and Outlet],Power_Patch[Fixture Number]), "") | H93: =IFERROR(VLOOKUP(E93,ActiveFixtures,2,FALSE),"") | K93: =IF(ISBLANK(C93), "", $D$3&"-"&$C93) -> 2-70
C94: 71 | D94: =B91&".5" -> .5 | E94: =_xlfn.IFNA(_xlfn.XLOOKUP($K94, Power_Patch[Combined Rack Number and Outlet],Power_Patch[Fixture Type]), "") | F94: =_xlfn.IFNA(_xlfn.XLOOKUP($K94, Power_Patch[Combined Rack Number and Outlet],Power_Patch[Fixture Number]), "") | H94: =IFERROR(VLOOKUP(E94,ActiveFixtures,2,FALSE),"") | K94: =IF(ISBLANK(C94), "", $D$3&"-"&$C94) -> 2-71
C95: 72 | D95: =B91&".6" -> .6 | E95: =_xlfn.IFNA(_xlfn.XLOOKUP($K95, Power_Patch[Combined Rack Number and Outlet],Power_Patch[Fixture Type]), "") | F95: =_xlfn.IFNA(_xlfn.XLOOKUP($K95, Power_Patch[Combined Rack Number and Outlet],Power_Patch[Fixture Number]), "") | H95: =IFERROR(VLOOKUP(E95,ActiveFixtures,2,FALSE),"") | K95: =IF(ISBLANK(C95), "", $D$3&"-"&$C95) -> 2-72
K96: =IF(ISBLANK(C96), "", $D$3&"-"&$C96)
B97: Loom ID | C97: 73 | D97: =B98&".1" -> .1 | E97: =_xlfn.IFNA(_xlfn.XLOOKUP($K97, Power_Patch[Combined Rack Number and Outlet],Power_Patch[Fixture Type]), "") | F97: =_xlfn.IFNA(_xlfn.XLOOKUP($K97, Power_Patch[Combined Rack Number and Outlet],Power_Patch[Fixture Number]), "") | G97: =_xlfn.IFNA(_xlfn.XLOOKUP($K97, Power_Patch[Combined Rack Number and Outlet],Power_Patch[Location]), "") | H97: =IFERROR(VLOOKUP(E97,ActiveFixtures,2,FALSE),"") | K97: =IF(ISBLANK(C97), "", $D$3&"-"&$C97) -> 2-73
B98: =_xlfn.IFNA(_xlfn.XLOOKUP($K97, Power_Patch[Combined Rack Number and Outlet],Power_Patch[Multi Name]), "") | C98: 74 | D98: =B98&".2" -> .2 | E98: =_xlfn.IFNA(_xlfn.XLOOKUP($K98, Power_Patch[Combined Rack Number and Outlet],Power_Patch[Fixture Type]), "") | F98: =_xlfn.IFNA(_xlfn.XLOOKUP($K98, Power_Patch[Combined Rack Number and Outlet],Power_Patch[Fixture Number]), "") | H98: =IFERROR(VLOOKUP(E98,ActiveFixtures,2,FALSE),"") | K98: =IF(ISBLANK(C98), "", $D$3&"-"&$C98) -> 2-74
C99: 75 | D99: =B98&".3" -> .3 | E99: =_xlfn.IFNA(_xlfn.XLOOKUP($K99, Power_Patch[Combined Rack Number and Outlet],Power_Patch[Fixture Type]), "") | F99: =_xlfn.IFNA(_xlfn.XLOOKUP($K99, Power_Patch[Combined Rack Number and Outlet],Power_Patch[Fixture Number]), "") | H99: =IFERROR(VLOOKUP(E99,ActiveFixtures,2,FALSE),"") | K99: =IF(ISBLANK(C99), "", $D$3&"-"&$C99) -> 2-75
C100: 76 | D100: =B98&".4" -> .4 | E100: =_xlfn.IFNA(_xlfn.XLOOKUP($K100, Power_Patch[Combined Rack Number and Outlet],Power_Patch[Fixture Type]), "") | F100: =_xlfn.IFNA(_xlfn.XLOOKUP($K100, Power_Patch[Combined Rack Number and Outlet],Power_Patch[Fixture Number]), "") | H100: =IFERROR(VLOOKUP(E100,ActiveFixtures,2,FALSE),"") | K100: =IF(ISBLANK(C100), "", $D$3&"-"&$C100) -> 2-76
C101: 77 | D101: =B98&".5" -> .5 | E101: =_xlfn.IFNA(_xlfn.XLOOKUP($K101, Power_Patch[Combined Rack Number and Outlet],Power_Patch[Fixture Type]), "") | F101: =_xlfn.IFNA(_xlfn.XLOOKUP($K101, Power_Patch[Combined Rack Number and Outlet],Power_Patch[Fixture Number]), "") | H101: =IFERROR(VLOOKUP(E101,ActiveFixtures,2,FALSE),"") | K101: =IF(ISBLANK(C101), "", $D$3&"-"&$C101) -> 2-77
...

Sheet Rack 3
B2: SHOW | D2: =Fixtures!C2 -> Untitled Show
B3: RACK# | D3: 3
B4: NAME / TYPE | D4: =_xlfn.IFNA(_xlfn.XLOOKUP($D$3, Power_Patch[Rack Number],Power_Patch[Rack Name]), "") | F4: =_xlfn.IFNA(_xlfn.XLOOKUP($D$3, Power_Patch[Rack Number],Power_Patch[Rack Type]), "")
C5: CHL | D5: CIRCUT | E5: FIXTURE | F5: FIX. NO. | G5: LOCATION | H5: AMPS | K5: Lookup Value
B6: Loom ID | C6: 1 | D6: =B7&".1" -> .1 | E6: =_xlfn.IFNA(_xlfn.XLOOKUP($K6, Power_Patch[Combined Rack Number and Outlet],Power_Patch[Fixture Type]), "") | F6: =_xlfn.IFNA(_xlfn.XLOOKUP($K6, Power_Patch[Combined Rack Number and Outlet],Power_Patch[Fixture Number]), "") | G6: =_xlfn.IFNA(_xlfn.XLOOKUP($K6, Power_Patch[Combined Rack Number and Outlet],Power_Patch[Location]), "") | H6: =IFERROR(VLOOKUP(E6,ActiveFixtures,2,FALSE),"") | K6: =IF(ISBLANK(C6), "", $D$3&"-"&$C6) -> 3-1
B7: =_xlfn.IFNA(_xlfn.XLOOKUP($K6, Power_Patch[Combined Rack Number and Outlet],Power_Patch[Multi Name]), "") | C7: 2 | D7: =B7&".2" -> .2 | E7: =_xlfn.IFNA(_xlfn.XLOOKUP($K7, Power_Patch[Combined Rack Number and Outlet],Power_Patch[Fixture Type]), "") | F7: =_xlfn.IFNA(_xlfn.XLOOKUP($K7, Power_Patch[Combined Rack Number and Outlet],Power_Patch[Fixture Number]), "") | H7: =IFERROR(VLOOKUP(E7,ActiveFixtures,2,FALSE),"") | K7: =IF(ISBLANK(C7), "", $D$3&"-"&$C7) -> 3-2
C8: 3 | D8: =B7&".3" -> .3 | E8: =_xlfn.IFNA(_xlfn.XLOOKUP($K8, Power_Patch[Combined Rack Number and Outlet],Power_Patch[Fixture Type]), "") | F8: =_xlfn.IFNA(_xlfn.XLOOKUP($K8, Power_Patch[Combined Rack Number and Outlet],Power_Patch[Fixture Number]), "") | H8: =IFERROR(VLOOKUP(E8,ActiveFixtures,2,FALSE),"") | K8: =IF(ISBLANK(C8), "", $D$3&"-"&$C8) -> 3-3
C9: 4 | D9: =B7&".4" -> .4 | E9: =_xlfn.IFNA(_xlfn.XLOOKUP($K9, Power_Patch[Combined Rack Number and Outlet],Power_Patch[Fixture Type]), "") | F9: =_xlfn.IFNA(_xlfn.XLOOKUP($K9, Power_Patch[Combined Rack Number and Outlet],Power_Patch[Fixture Number]), "") | H9: =IFERROR(VLOOKUP(E9,ActiveFixtures,2,FALSE),"") | K9: =IF(ISBLANK(C9), "", $D$3&"-"&$C9) -> 3-4
C10: 5 | D10: =B7&".5" -> .5 | E10: =_xlfn.IFNA(_xlfn.XLOOKUP($K10, Power_Patch[Combined Rack Number and Outlet],Power_Patch[Fixture Type]), "") | F10: =_xlfn.IFNA(_xlfn.XLOOKUP($K10, Power_Patch[Combined Rack Number and Outlet],Power_Patch[Fixture Number]), "") | H10: =IFERROR(VLOOKUP(E10,ActiveFixtures,2,FALSE),"") | K10: =IF(ISBLANK(C10), "", $D$3&"-"&$C10) -> 3-5
C11: 6 | D11: =B7&".6" -> .6 | E11: =_xlfn.IFNA(_xlfn.XLOOKUP($K11, Power_Patch[Combined Rack Number and Outlet],Power_Patch[Fixture Type]), "") | F11: =_xlfn.IFNA(_xlfn.XLOOKUP($K11, Power_Patch[Combined Rack Number and Outlet],Power_Patch[Fixture Number]), "") | H11: =IFERROR(VLOOKUP(E11,ActiveFixtures,2,FALSE),"") | K11: =IF(ISBLANK(C11), "", $D$3&"-"&$C11) -> 3-6
K12: =IF(ISBLANK(C12), "", $D$3&"-"&$C12)
B13: Loom ID | C13: 7 | D13: =B14&".1" -> .1 | E13: =_xlfn.IFNA(_xlfn.XLOOKUP($K13, Power_Patch[Combined Rack Number and Outlet],Power_Patch[Fixture Type]), "") | F13: =_xlfn.IFNA(_xlfn.XLOOKUP($K13, Power_Patch[Combined Rack Number and Outlet],Power_Patch[Fixture Number]), "") | G13: =_xlfn.IFNA(_xlfn.XLOOKUP($K13, Power_Patch[Combined Rack Number and Outlet],Power_Patch[Location]), "") | H13: =IFERROR(VLOOKUP(E13,ActiveFixtures,2,FALSE),"") | K13: =IF(ISBLANK(C13), "", $D$3&"-"&$C13) -> 3-7
B14: =_xlfn.IFNA(_xlfn.XLOOKUP($K13, Power_Patch[Combined Rack Number and Outlet],Power_Patch[Multi Name]), "") | C14: 8 | D14: =B14&".2" -> .2 | E14: =_xlfn.IFNA(_xlfn.XLOOKUP($K14, Power_Patch[Combined Rack Number and Outlet],Power_Patch[Fixture Type]), "") | F14: =_xlfn.IFNA(_xlfn.XLOOKUP($K14, Power_Patch[Combined Rack Number and Outlet],Power_Patch[Fixture Number]), "") | H14: =IFERROR(VLOOKUP(E14,ActiveFixtures,2,FALSE),"") | K14: =IF(ISBLANK(C14), "", $D$3&"-"&$C14) -> 3-8
C15: 9 | D15: =B14&".3" -> .3 | E15: =_xlfn.IFNA(_xlfn.XLOOKUP($K15, Power_Patch[Combined Rack Number and Outlet],Power_Patch[Fixture Type]), "") | F15: =_xlfn.IFNA(_xlfn.XLOOKUP($K15, Power_Patch[Combined Rack Number and Outlet],Power_Patch[Fixture Number]), "") | H15: =IFERROR(VLOOKUP(E15,ActiveFixtures,2,FALSE),"") | K15: =IF(ISBLANK(C15), "", $D$3&"-"&$C15) -> 3-9
C16: 10 | D16: =B14&".4" -> .4 | E16: =_xlfn.IFNA(_xlfn.XLOOKUP($K16, Power_Patch[Combined Rack Number and Outlet],Power_Patch[Fixture Type]), "") | F16: =_xlfn.IFNA(_xlfn.XLOOKUP($K16, Power_Patch[Combined Rack Number and Outlet],Power_Patch[Fixture Number]), "") | H16: =IFERROR(VLOOKUP(E16,ActiveFixtures,2,FALSE),"") | K16: =IF(ISBLANK(C16), "", $D$3&"-"&$C16) -> 3-10
C17: 11 | D17: =B14&".5" -> .5 | E17: =_xlfn.IFNA(_xlfn.XLOOKUP($K17, Power_Patch[Combined Rack Number and Outlet],Power_Patch[Fixture Type]), "") | F17: =_xlfn.IFNA(_xlfn.XLOOKUP($K17, Power_Patch[Combined Rack Number and Outlet],Power_Patch[Fixture Number]), "") | H17: =IFERROR(VLOOKUP(E17,ActiveFixtures,2,FALSE),"") | K17: =IF(ISBLANK(C17), "", $D$3&"-"&$C17) -> 3-11
C18: 12 | D18: =B14&".6" -> .6 | E18: =_xlfn.IFNA(_xlfn.XLOOKUP($K18, Power_Patch[Combined Rack Number and Outlet],Power_Patch[Fixture Type]), "") | F18: =_xlfn.IFNA(_xlfn.XLOOKUP($K18, Power_Patch[Combined Rack Number and Outlet],Power_Patch[Fixture Number]), "") | H18: =IFERROR(VLOOKUP(E18,ActiveFixtures,2,FALSE),"") | K18: =IF(ISBLANK(C18), "", $D$3&"-"&$C18) -> 3-12
K19: =IF(ISBLANK(C19), "", $D$3&"-"&$C19)
B20: Loom ID | C20: 13 | D20: =B21&".1" -> .1 | E20: =_xlfn.IFNA(_xlfn.XLOOKUP($K20, Power_Patch[Combined Rack Number and Outlet],Power_Patch[Fixture Type]), "") | F20: =_xlfn.IFNA(_xlfn.XLOOKUP($K20, Power_Patch[Combined Rack Number and Outlet],Power_Patch[Fixture Number]), "") | G20: =_xlfn.IFNA(_xlfn.XLOOKUP($K20, Power_Patch[Combined Rack Number and Outlet],Power_Patch[Location]), "") | H20: =IFERROR(VLOOKUP(E20,ActiveFixtures,2,FALSE),"") | K20: =IF(ISBLANK(C20), "", $D$3&"-"&$C20) -> 3-13
B21: =_xlfn.IFNA(_xlfn.XLOOKUP($K20, Power_Patch[Combined Rack Number and Outlet],Power_Patch[Multi Name]), "") | C21: 14 | D21: =B21&".2" -> .2 | E21: =_xlfn.IFNA(_xlfn.XLOOKUP($K21, Power_Patch[Combined Rack Number and Outlet],Power_Patch[Fixture Type]), "") | F21: =_xlfn.IFNA(_xlfn.XLOOKUP($K21, Power_Patch[Combined Rack Number and Outlet],Power_Patch[Fixture Number]), "") | H21: =IFERROR(VLOOKUP(E21,ActiveFixtures,2,FALSE),"") | K21: =IF(ISBLANK(C21), "", $D$3&"-"&$C21) -> 3-14
C22: 15 | D22: =B21&".3" -> .3 | E22: =_xlfn.IFNA(_xlfn.XLOOKUP($K22, Power_Patch[Combined Rack Number and Outlet],Power_Patch[Fixture Type]), "") | F22: =_xlfn.IFNA(_xlfn.XLOOKUP($K22, Power_Patch[Combined Rack Number and Outlet],Power_Patch[Fixture Number]), "") | H22: =IFERROR(VLOOKUP(E22,ActiveFixtures,2,FALSE),"") | K22: =IF(ISBLANK(C22), "", $D$3&"-"&$C22) -> 3-15
C23: 16 | D23: =B21&".4" -> .4 | E23: =_xlfn.IFNA(_xlfn.XLOOKUP($K23, Power_Patch[Combined Rack Number and Outlet],Power_Patch[Fixture Type]), "") | F23: =_xlfn.IFNA(_xlfn.XLOOKUP($K23, Power_Patch[Combined Rack Number and Outlet],Power_Patch[Fixture Number]), "") | H23: =IFERROR(VLOOKUP(E23,ActiveFixtures,2,FALSE),"") | K23: =IF(ISBLANK(C23), "", $D$3&"-"&$C23) -> 3-16
C24: 17 | D24: =B21&".5" -> .5 | E24: =_xlfn.IFNA(_xlfn.XLOOKUP($K24, Power_Patch[Combined Rack Number and Outlet],Power_Patch[Fixture Type]), "") | F24: =_xlfn.IFNA(_xlfn.XLOOKUP($K24, Power_Patch[Combined Rack Number and Outlet],Power_Patch[Fixture Number]), "") | H24: =IFERROR(VLOOKUP(E24,ActiveFixtures,2,FALSE),"") | K24: =IF(ISBLANK(C24), "", $D$3&"-"&$C24) -> 3-17
C25: 18 | D25: =B21&".6" -> .6 | E25: =_xlfn.IFNA(_xlfn.XLOOKUP($K25, Power_Patch[Combined Rack Number and Outlet],Power_Patch[Fixture Type]), "") | F25: =_xlfn.IFNA(_xlfn.XLOOKUP($K25, Power_Patch[Combined Rack Number and Outlet],Power_Patch[Fixture Number]), "") | H25: =IFERROR(VLOOKUP(E25,ActiveFixtures,2,FALSE),"") | K25: =IF(ISBLANK(C25), "", $D$3&"-"&$C25) -> 3-18
K26: =IF(ISBLANK(C26), "", $D$3&"-"&$C26)
B27: Loom ID | C27: 19 | D27: =B28&".1" -> .1 | E27: =_xlfn.IFNA(_xlfn.XLOOKUP($K27, Power_Patch[Combined Rack Number and Outlet],Power_Patch[Fixture Type]), "") | F27: =_xlfn.IFNA(_xlfn.XLOOKUP($K27, Power_Patch[Combined Rack Number and Outlet],Power_Patch[Fixture Number]), "") | G27: =_xlfn.IFNA(_xlfn.XLOOKUP($K27, Power_Patch[Combined Rack Number and Outlet],Power_Patch[Location]), "") | H27: =IFERROR(VLOOKUP(E27,ActiveFixtures,2,FALSE),"") | K27: =IF(ISBLANK(C27), "", $D$3&"-"&$C27) -> 3-19
B28: =_xlfn.IFNA(_xlfn.XLOOKUP($K27, Power_Patch[Combined Rack Number and Outlet],Power_Patch[Multi Name]), "") | C28: 20 | D28: =B28&".2" -> .2 | E28: =_xlfn.IFNA(_xlfn.XLOOKUP($K28, Power_Patch[Combined Rack Number and Outlet],Power_Patch[Fixture Type]), "") | F28: =_xlfn.IFNA(_xlfn.XLOOKUP($K28, Power_Patch[Combined Rack Number and Outlet],Power_Patch[Fixture Number]), "") | H28: =IFERROR(VLOOKUP(E28,ActiveFixtures,2,FALSE),"") | K28: =IF(ISBLANK(C28), "", $D$3&"-"&$C28) -> 3-20
C29: 21 | D29: =B28&".3" -> .3 | E29: =_xlfn.IFNA(_xlfn.XLOOKUP($K29, Power_Patch[Combined Rack Number and Outlet],Power_Patch[Fixture Type]), "") | F29: =_xlfn.IFNA(_xlfn.XLOOKUP($K29, Power_Patch[Combined Rack Number and Outlet],Power_Patch[Fixture Number]), "") | H29: =IFERROR(VLOOKUP(E29,ActiveFixtures,2,FALSE),"") | K29: =IF(ISBLANK(C29), "", $D$3&"-"&$C29) -> 3-21
C30: 22 | D30: =B28&".4" -> .4 | E30: =_xlfn.IFNA(_xlfn.XLOOKUP($K30, Power_Patch[Combined Rack Number and Outlet],Power_Patch[Fixture Type]), "") | F30: =_xlfn.IFNA(_xlfn.XLOOKUP($K30, Power_Patch[Combined Rack Number and Outlet],Power_Patch[Fixture Number]), "") | H30: =IFERROR(VLOOKUP(E30,ActiveFixtures,2,FALSE),"") | K30: =IF(ISBLANK(C30), "", $D$3&"-"&$C30) -> 3-22
C31: 23 | D31: =B28&".5" -> .5 | E31: =_xlfn.IFNA(_xlfn.XLOOKUP($K31, Power_Patch[Combined Rack Number and Outlet],Power_Patch[Fixture Type]), "") | F31: =_xlfn.IFNA(_xlfn.XLOOKUP($K31, Power_Patch[Combined Rack Number and Outlet],Power_Patch[Fixture Number]), "") | H31: =IFERROR(VLOOKUP(E31,ActiveFixtures,2,FALSE),"") | K31: =IF(ISBLANK(C31), "", $D$3&"-"&$C31) -> 3-23
C32: 24 | D32: =B28&".6" -> .6 | E32: =_xlfn.IFNA(_xlfn.XLOOKUP($K32, Power_Patch[Combined Rack Number and Outlet],Power_Patch[Fixture Type]), "") | F32: =_xlfn.IFNA(_xlfn.XLOOKUP($K32, Power_Patch[Combined Rack Number and Outlet],Power_Patch[Fixture Number]), "") | H32: =IFERROR(VLOOKUP(E32,ActiveFixtures,2,FALSE),"") | K32: =IF(ISBLANK(C32), "", $D$3&"-"&$C32) -> 3-24
K33: =IF(ISBLANK(C33), "", $D$3&"-"&$C33)
B34: Loom ID | C34: 25 | D34: =B35&".1" -> .1 | E34: =_xlfn.IFNA(_xlfn.XLOOKUP($K34, Power_Patch[Combined Rack Number and Outlet],Power_Patch[Fixture Type]), "") | F34: =_xlfn.IFNA(_xlfn.XLOOKUP($K34, Power_Patch[Combined Rack Number and Outlet],Power_Patch[Fixture Number]), "") | G34: =_xlfn.IFNA(_xlfn.XLOOKUP($K34, Power_Patch[Combined Rack Number and Outlet],Power_Patch[Location]), "") | H34: =IFERROR(VLOOKUP(E34,ActiveFixtures,2,FALSE),"") | K34: =IF(ISBLANK(C34), "", $D$3&"-"&$C34) -> 3-25
B35: =_xlfn.IFNA(_xlfn.XLOOKUP($K34, Power_Patch[Combined Rack Number and Outlet],Power_Patch[Multi Name]), "") | C35: 26 | D35: =B35&".2" -> .2 | E35: =_xlfn.IFNA(_xlfn.XLOOKUP($K35, Power_Patch[Combined Rack Number and Outlet],Power_Patch[Fixture Type]), "") | F35: =_xlfn.IFNA(_xlfn.XLOOKUP($K35, Power_Patch[Combined Rack Number and Outlet],Power_Patch[Fixture Number]), "") | H35: =IFERROR(VLOOKUP(E35,ActiveFixtures,2,FALSE),"") | K35: =IF(ISBLANK(C35), "", $D$3&"-"&$C35) -> 3-26
C36: 27 | D36: =B35&".3" -> .3 | E36: =_xlfn.IFNA(_xlfn.XLOOKUP($K36, Power_Patch[Combined Rack Number and Outlet],Power_Patch[Fixture Type]), "") | F36: =_xlfn.IFNA(_xlfn.XLOOKUP($K36, Power_Patch[Combined Rack Number and Outlet],Power_Patch[Fixture Number]), "") | H36: =IFERROR(VLOOKUP(E36,ActiveFixtures,2,FALSE),"") | K36: =IF(ISBLANK(C36), "", $D$3&"-"&$C36) -> 3-27
C37: 28 | D37: =B35&".4" -> .4 | E37: =_xlfn.IFNA(_xlfn.XLOOKUP($K37, Power_Patch[Combined Rack Number and Outlet],Power_Patch[Fixture Type]), "") | F37: =_xlfn.IFNA(_xlfn.XLOOKUP($K37, Power_Patch[Combined Rack Number and Outlet],Power_Patch[Fixture Number]), "") | H37: =IFERROR(VLOOKUP(E37,ActiveFixtures,2,FALSE),"") | K37: =IF(ISBLANK(C37), "", $D$3&"-"&$C37) -> 3-28
C38: 29 | D38: =B35&".5" -> .5 | E38: =_xlfn.IFNA(_xlfn.XLOOKUP($K38, Power_Patch[Combined Rack Number and Outlet],Power_Patch[Fixture Type]), "") | F38: =_xlfn.IFNA(_xlfn.XLOOKUP($K38, Power_Patch[Combined Rack Number and Outlet],Power_Patch[Fixture Number]), "") | H38: =IFERROR(VLOOKUP(E38,ActiveFixtures,2,FALSE),"") | K38: =IF(ISBLANK(C38), "", $D$3&"-"&$C38) -> 3-29
C39: 30 | D39: =B35&".6" -> .6 | E39: =_xlfn.IFNA(_xlfn.XLOOKUP($K39, Power_Patch[Combined Rack Number and Outlet],Power_Patch[Fixture Type]), "") | F39: =_xlfn.IFNA(_xlfn.XLOOKUP($K39, Power_Patch[Combined Rack Number and Outlet],Power_Patch[Fixture Number]), "") | H39: =IFERROR(VLOOKUP(E39,ActiveFixtures,2,FALSE),"") | K39: =IF(ISBLANK(C39), "", $D$3&"-"&$C39) -> 3-30
K40: =IF(ISBLANK(C40), "", $D$3&"-"&$C40)
B41: Loom ID | C41: 31 | D41: =B42&".1" -> .1 | E41: =_xlfn.IFNA(_xlfn.XLOOKUP($K41, Power_Patch[Combined Rack Number and Outlet],Power_Patch[Fixture Type]), "") | F41: =_xlfn.IFNA(_xlfn.XLOOKUP($K41, Power_Patch[Combined Rack Number and Outlet],Power_Patch[Fixture Number]), "") | G41: =_xlfn.IFNA(_xlfn.XLOOKUP($K41, Power_Patch[Combined Rack Number and Outlet],Power_Patch[Location]), "") | H41: =IFERROR(VLOOKUP(E41,ActiveFixtures,2,FALSE),"") | K41: =IF(ISBLANK(C41), "", $D$3&"-"&$C41) -> 3-31
B42: =_xlfn.IFNA(_xlfn.XLOOKUP($K41, Power_Patch[Combined Rack Number and Outlet],Power_Patch[Multi Name]), "") | C42: 32 | D42: =B42&".2" -> .2 | E42: =_xlfn.IFNA(_xlfn.XLOOKUP($K42, Power_Patch[Combined Rack Number and Outlet],Power_Patch[Fixture Type]), "") | F42: =_xlfn.IFNA(_xlfn.XLOOKUP($K42, Power_Patch[Combined Rack Number and Outlet],Power_Patch[Fixture Number]), "") | H42: =IFERROR(VLOOKUP(E42,ActiveFixtures,2,FALSE),"") | K42: =IF(ISBLANK(C42), "", $D$3&"-"&$C42) -> 3-32
C43: 33 | D43: =B42&".3" -> .3 | E43: =_xlfn.IFNA(_xlfn.XLOOKUP($K43, Power_Patch[Combined Rack Number and Outlet],Power_Patch[Fixture Type]), "") | F43: =_xlfn.IFNA(_xlfn.XLOOKUP($K43, Power_Patch[Combined Rack Number and Outlet],Power_Patch[Fixture Number]), "") | H43: =IFERROR(VLOOKUP(E43,ActiveFixtures,2,FALSE),"") | K43: =IF(ISBLANK(C43), "", $D$3&"-"&$C43) -> 3-33
C44: 34 | D44: =B42&".4" -> .4 | E44: =_xlfn.IFNA(_xlfn.XLOOKUP($K44, Power_Patch[Combined Rack Number and Outlet],Power_Patch[Fixture Type]), "") | F44: =_xlfn.IFNA(_xlfn.XLOOKUP($K44, Power_Patch[Combined Rack Number and Outlet],Power_Patch[Fixture Number]), "") | H44: =IFERROR(VLOOKUP(E44,ActiveFixtures,2,FALSE),"") | K44: =IF(ISBLANK(C44), "", $D$3&"-"&$C44) -> 3-34
C45: 35 | D45: =B42&".5" -> .5 | E45: =_xlfn.IFNA(_xlfn.XLOOKUP($K45, Power_Patch[Combined Rack Number and Outlet],Power_Patch[Fixture Type]), "") | F45: =_xlfn.IFNA(_xlfn.XLOOKUP($K45, Power_Patch[Combined Rack Number and Outlet],Power_Patch[Fixture Number]), "") | H45: =IFERROR(VLOOKUP(E45,ActiveFixtures,2,FALSE),"") | K45: =IF(ISBLANK(C45), "", $D$3&"-"&$C45) -> 3-35
C46: 36 | D46: =B42&".6" -> .6 | E46: =_xlfn.IFNA(_xlfn.XLOOKUP($K46, Power_Patch[Combined Rack Number and Outlet],Power_Patch[Fixture Type]), "") | F46: =_xlfn.IFNA(_xlfn.XLOOKUP($K46, Power_Patch[Combined Rack Number and Outlet],Power_Patch[Fixture Number]), "") | H46: =IFERROR(VLOOKUP(E46,ActiveFixtures,2,FALSE),"") | K46: =IF(ISBLANK(C46), "", $D$3&"-"&$C46) -> 3-36
K47: =IF(ISBLANK(C47), "", $D$3&"-"&$C47)
B48: Loom ID | C48: 37 | D48: =B49&".1" -> .1 | E48: =_xlfn.IFNA(_xlfn.XLOOKUP($K48, Power_Patch[Combined Rack Number and Outlet],Power_Patch[Fixture Type]), "") | F48: =_xlfn.IFNA(_xlfn.XLOOKUP($K48, Power_Patch[Combined Rack Number and Outlet],Power_Patch[Fixture Number]), "") | G48: =_xlfn.IFNA(_xlfn.XLOOKUP($K48, Power_Patch[Combined Rack Number and Outlet],Power_Patch[Location]), "") | H48: =IFERROR(VLOOKUP(E48,ActiveFixtures,2,FALSE),"") | K48: =IF(ISBLANK(C48), "", $D$3&"-"&$C48) -> 3-37
B49: =_xlfn.IFNA(_xlfn.XLOOKUP($K48, Power_Patch[Combined Rack Number and Outlet],Power_Patch[Multi Name]), "") | C49: 38 | D49: =B49&".2" -> .2 | E49: =_xlfn.IFNA(_xlfn.XLOOKUP($K49, Power_Patch[Combined Rack Number and Outlet],Power_Patch[Fixture Type]), "") | F49: =_xlfn.IFNA(_xlfn.XLOOKUP($K49, Power_Patch[Combined Rack Number and Outlet],Power_Patch[Fixture Number]), "") | H49: =IFERROR(VLOOKUP(E49,ActiveFixtures,2,FALSE),"") | K49: =IF(ISBLANK(C49), "", $D$3&"-"&$C49) -> 3-38
C50: 39 | D50: =B49&".3" -> .3 | E50: =_xlfn.IFNA(_xlfn.XLOOKUP($K50, Power_Patch[Combined Rack Number and Outlet],Power_Patch[Fixture Type]), "") | F50: =_xlfn.IFNA(_xlfn.XLOOKUP($K50, Power_Patch[Combined Rack Number and Outlet],Power_Patch[Fixture Number]), "") | H50: =IFERROR(VLOOKUP(E50,ActiveFixtures,2,FALSE),"") | K50: =IF(ISBLANK(C50), "", $D$3&"-"&$C50) -> 3-39
C51: 40 | D51: =B49&".4" -> .4 | E51: =_xlfn.IFNA(_xlfn.XLOOKUP($K51, Power_Patch[Combined Rack Number and Outlet],Power_Patch[Fixture Type]), "") | F51: =_xlfn.IFNA(_xlfn.XLOOKUP($K51, Power_Patch[Combined Rack Number and Outlet],Power_Patch[Fixture Number]), "") | H51: =IFERROR(VLOOKUP(E51,ActiveFixtures,2,FALSE),"") | K51: =IF(ISBLANK(C51), "", $D$3&"-"&$C51) -> 3-40
C52: 41 | D52: =B49&".5" -> .5 | E52: =_xlfn.IFNA(_xlfn.XLOOKUP($K52, Power_Patch[Combined Rack Number and Outlet],Power_Patch[Fixture Type]), "") | F52: =_xlfn.IFNA(_xlfn.XLOOKUP($K52, Power_Patch[Combined Rack Number and Outlet],Power_Patch[Fixture Number]), "") | H52: =IFERROR(VLOOKUP(E52,ActiveFixtures,2,FALSE),"") | K52: =IF(ISBLANK(C52), "", $D$3&"-"&$C52) -> 3-41
C53: 42 | D53: =B49&".6" -> .6 | E53: =_xlfn.IFNA(_xlfn.XLOOKUP($K53, Power_Patch[Combined Rack Number and Outlet],Power_Patch[Fixture Type]), "") | F53: =_xlfn.IFNA(_xlfn.XLOOKUP($K53, Power_Patch[Combined Rack Number and Outlet],Power_Patch[Fixture Number]), "") | H53: =IFERROR(VLOOKUP(E53,ActiveFixtures,2,FALSE),"") | K53: =IF(ISBLANK(C53), "", $D$3&"-"&$C53) -> 3-42
K54: =IF(ISBLANK(C54), "", $D$3&"-"&$C54)
B55: Loom ID | C55: 43 | D55: =B56&".1" -> .1 | E55: =_xlfn.IFNA(_xlfn.XLOOKUP($K55, Power_Patch[Combined Rack Number and Outlet],Power_Patch[Fixture Type]), "") | F55: =_xlfn.IFNA(_xlfn.XLOOKUP($K55, Power_Patch[Combined Rack Number and Outlet],Power_Patch[Fixture Number]), "") | G55: =_xlfn.IFNA(_xlfn.XLOOKUP($K55, Power_Patch[Combined Rack Number and Outlet],Power_Patch[Location]), "") | H55: =IFERROR(VLOOKUP(E55,ActiveFixtures,2,FALSE),"") | K55: =IF(ISBLANK(C55), "", $D$3&"-"&$C55) -> 3-43
B56: =_xlfn.IFNA(_xlfn.XLOOKUP($K55, Power_Patch[Combined Rack Number and Outlet],Power_Patch[Multi Name]), "") | C56: 44 | D56: =B56&".2" -> .2 | E56: =_xlfn.IFNA(_xlfn.XLOOKUP($K56, Power_Patch[Combined Rack Number and Outlet],Power_Patch[Fixture Type]), "") | F56: =_xlfn.IFNA(_xlfn.XLOOKUP($K56, Power_Patch[Combined Rack Number and Outlet],Power_Patch[Fixture Number]), "") | H56: =IFERROR(VLOOKUP(E56,ActiveFixtures,2,FALSE),"") | K56: =IF(ISBLANK(C56), "", $D$3&"-"&$C56) -> 3-44
C57: 45 | D57: =B56&".3" -> .3 | E57: =_xlfn.IFNA(_xlfn.XLOOKUP($K57, Power_Patch[Combined Rack Number and Outlet],Power_Patch[Fixture Type]), "") | F57: =_xlfn.IFNA(_xlfn.XLOOKUP($K57, Power_Patch[Combined Rack Number and Outlet],Power_Patch[Fixture Number]), "") | H57: =IFERROR(VLOOKUP(E57,ActiveFixtures,2,FALSE),"") | K57: =IF(ISBLANK(C57), "", $D$3&"-"&$C57) -> 3-45
C58: 46 | D58: =B56&".4" -> .4 | E58: =_xlfn.IFNA(_xlfn.XLOOKUP($K58, Power_Patch[Combined Rack Number and Outlet],Power_Patch[Fixture Type]), "") | F58: =_xlfn.IFNA(_xlfn.XLOOKUP($K58, Power_Patch[Combined Rack Number and Outlet],Power_Patch[Fixture Number]), "") | H58: =IFERROR(VLOOKUP(E58,ActiveFixtures,2,FALSE),"") | K58: =IF(ISBLANK(C58), "", $D$3&"-"&$C58) -> 3-46
C59: 47 | D59: =B56&".5" -> .5 | E59: =_xlfn.IFNA(_xlfn.XLOOKUP($K59, Power_Patch[Combined Rack Number and Outlet],Power_Patch[Fixture Type]), "") | F59: =_xlfn.IFNA(_xlfn.XLOOKUP($K59, Power_Patch[Combined Rack Number and Outlet],Power_Patch[Fixture Number]), "") | H59: =IFERROR(VLOOKUP(E59,ActiveFixtures,2,FALSE),"") | K59: =IF(ISBLANK(C59), "", $D$3&"-"&$C59) -> 3-47
C60: 48 | D60: =B56&".6" -> .6 | E60: =_xlfn.IFNA(_xlfn.XLOOKUP($K60, Power_Patch[Combined Rack Number and Outlet],Power_Patch[Fixture Type]), "") | F60: =_xlfn.IFNA(_xlfn.XLOOKUP($K60, Power_Patch[Combined Rack Number and Outlet],Power_Patch[Fixture Number]), "") | H60: =IFERROR(VLOOKUP(E60,ActiveFixtures,2,FALSE),"") | K60: =IF(ISBLANK(C60), "", $D$3&"-"&$C60) -> 3-48
F61: AMPS PER PHASE 1 | H61: =SUM(H6,H9,H13,H16,H20,H23,H27,H30,H34,H37,H41,H44,H48,H51,H55,H58,H69,H72,H76,H79,H83,H86,H90,H93,H97,H100,H104,H107,H111,H114,H118,H121) -> 0 | K61: =IF(ISBLANK(C61), "", $D$3&"-"&$C61)
F62: AMPS PER PHASE 2 | H62: =SUM(H7,H10,H14,H17,H21,H24,H28,H31,H35,H38,H42,H45,H49,H52,H56,H59,H70,H73,H77,H80,H84,H87,H91,H94,H98,H101,H105,H108,H112,H115,H119,H122) -> 0 | K62: =IF(ISBLANK(C62), "", $D$3&"-"&$C62)
F63: AMPS PER PHASE 3 | H63: =SUM(H8,H11,H15,H18,H22,H25,H29,H32,H36,H39,H43,H46,H50,H53,H57,H60,H71,H74,H78,H81,H85,H88,H92,H95,H99,H102,H106,H109,H113,H116,H120,H123) -> 0 | K63: =IF(ISBLANK(C63), "", $D$3&"-"&$C63)
K64: =IF(ISBLANK(C64), "", $D$3&"-"&$C64)
B65: SHOW | D65: =Fixtures!C2 -> Untitled Show | K65: =IF(ISBLANK(C65), "", $D$3&"-"&$C65)
B66: B: RACK# | D66: =D3 -> 3 | K66: =IF(ISBLANK(C66), "", $D$3&"-"&$C66)
K67: =IF(ISBLANK(C67), "", $D$3&"-"&$C67)
C68: CHL | D68: CIRCUT | E68: FIXTURE | F68: FIX. NO. | G68: LOCATION | H68: AMPS | K68: =IF(ISBLANK(C68), "", $D$3&"-"&$C68) -> 3-CHL
B69: Loom ID | C69: 49 | D69: =B70&".1" -> .1 | E69: =_xlfn.IFNA(_xlfn.XLOOKUP($K69, Power_Patch[Combined Rack Number and Outlet],Power_Patch[Fixture Type]), "") | F69: =_xlfn.IFNA(_xlfn.XLOOKUP($K69, Power_Patch[Combined Rack Number and Outlet],Power_Patch[Fixture Number]), "") | G69: =_xlfn.IFNA(_xlfn.XLOOKUP($K69, Power_Patch[Combined Rack Number and Outlet],Power_Patch[Location]), "") | H69: =IFERROR(VLOOKUP(E69,ActiveFixtures,2,FALSE),"") | K69: =IF(ISBLANK(C69), "", $D$3&"-"&$C69) -> 3-49
B70: =_xlfn.IFNA(_xlfn.XLOOKUP($K69, Power_Patch[Combined Rack Number and Outlet],Power_Patch[Multi Name]), "") | C70: 50 | D70: =B70&".2" -> .2 | E70: =_xlfn.IFNA(_xlfn.XLOOKUP($K70, Power_Patch[Combined Rack Number and Outlet],Power_Patch[Fixture Type]), "") | F70: =_xlfn.IFNA(_xlfn.XLOOKUP($K70, Power_Patch[Combined Rack Number and Outlet],Power_Patch[Fixture Number]), "") | H70: =IFERROR(VLOOKUP(E70,ActiveFixtures,2,FALSE),"") | K70: =IF(ISBLANK(C70), "", $D$3&"-"&$C70) -> 3-50
C71: 51 | D71: =B70&".3" -> .3 | E71: =_xlfn.IFNA(_xlfn.XLOOKUP($K71, Power_Patch[Combined Rack Number and Outlet],Power_Patch[Fixture Type]), "") | F71: =_xlfn.IFNA(_xlfn.XLOOKUP($K71, Power_Patch[Combined Rack Number and Outlet],Power_Patch[Fixture Number]), "") | H71: =IFERROR(VLOOKUP(E71,ActiveFixtures,2,FALSE),"") | K71: =IF(ISBLANK(C71), "", $D$3&"-"&$C71) -> 3-51
C72: 52 | D72: =B70&".4" -> .4 | E72: =_xlfn.IFNA(_xlfn.XLOOKUP($K72, Power_Patch[Combined Rack Number and Outlet],Power_Patch[Fixture Type]), "") | F72: =_xlfn.IFNA(_xlfn.XLOOKUP($K72, Power_Patch[Combined Rack Number and Outlet],Power_Patch[Fixture Number]), "") | H72: =IFERROR(VLOOKUP(E72,ActiveFixtures,2,FALSE),"") | K72: =IF(ISBLANK(C72), "", $D$3&"-"&$C72) -> 3-52
C73: 53 | D73: =B70&".5" -> .5 | E73: =_xlfn.IFNA(_xlfn.XLOOKUP($K73, Power_Patch[Combined Rack Number and Outlet],Power_Patch[Fixture Type]), "") | F73: =_xlfn.IFNA(_xlfn.XLOOKUP($K73, Power_Patch[Combined Rack Number and Outlet],Power_Patch[Fixture Number]), "") | H73: =IFERROR(VLOOKUP(E73,ActiveFixtures,2,FALSE),"") | K73: =IF(ISBLANK(C73), "", $D$3&"-"&$C73) -> 3-53
C74: 54 | D74: =B70&".6" -> .6 | E74: =_xlfn.IFNA(_xlfn.XLOOKUP($K74, Power_Patch[Combined Rack Number and Outlet],Power_Patch[Fixture Type]), "") | F74: =_xlfn.IFNA(_xlfn.XLOOKUP($K74, Power_Patch[Combined Rack Number and Outlet],Power_Patch[Fixture Number]), "") | H74: =IFERROR(VLOOKUP(E74,ActiveFixtures,2,FALSE),"") | K74: =IF(ISBLANK(C74), "", $D$3&"-"&$C74) -> 3-54
K75: =IF(ISBLANK(C75), "", $D$3&"-"&$C75)
B76: Loom ID | C76: 55 | D76: =B77&".1" -> .1 | E76: =_xlfn.IFNA(_xlfn.XLOOKUP($K76, Power_Patch[Combined Rack Number and Outlet],Power_Patch[Fixture Type]), "") | F76: =_xlfn.IFNA(_xlfn.XLOOKUP($K76, Power_Patch[Combined Rack Number and Outlet],Power_Patch[Fixture Number]), "") | G76: =_xlfn.IFNA(_xlfn.XLOOKUP($K76, Power_Patch[Combined Rack Number and Outlet],Power_Patch[Location]), "") | H76: =IFERROR(VLOOKUP(E76,ActiveFixtures,2,FALSE),"") | K76: =IF(ISBLANK(C76), "", $D$3&"-"&$C76) -> 3-55
B77: =_xlfn.IFNA(_xlfn.XLOOKUP($K76, Power_Patch[Combined Rack Number and Outlet],Power_Patch[Multi Name]), "") | C77: 56 | D77: =B77&".2" -> .2 | E77: =_xlfn.IFNA(_xlfn.XLOOKUP($K77, Power_Patch[Combined Rack Number and Outlet],Power_Patch[Fixture Type]), "") | F77: =_xlfn.IFNA(_xlfn.XLOOKUP($K77, Power_Patch[Combined Rack Number and Outlet],Power_Patch[Fixture Number]), "") | H77: =IFERROR(VLOOKUP(E77,ActiveFixtures,2,FALSE),"") | K77: =IF(ISBLANK(C77), "", $D$3&"-"&$C77) -> 3-56
C78: 57 | D78: =B77&".3" -> .3 | E78: =_xlfn.IFNA(_xlfn.XLOOKUP($K78, Power_Patch[Combined Rack Number and Outlet],Power_Patch[Fixture Type]), "") | F78: =_xlfn.IFNA(_xlfn.XLOOKUP($K78, Power_Patch[Combined Rack Number and Outlet],Power_Patch[Fixture Number]), "") | H78: =IFERROR(VLOOKUP(E78,ActiveFixtures,2,FALSE),"") | K78: =IF(ISBLANK(C78), "", $D$3&"-"&$C78) -> 3-57
C79: 58 | D79: =B77&".4" -> .4 | E79: =_xlfn.IFNA(_xlfn.XLOOKUP($K79, Power_Patch[Combined Rack Number and Outlet],Power_Patch[Fixture Type]), "") | F79: =_xlfn.IFNA(_xlfn.XLOOKUP($K79, Power_Patch[Combined Rack Number and Outlet],Power_Patch[Fixture Number]), "") | H79: =IFERROR(VLOOKUP(E79,ActiveFixtures,2,FALSE),"") | K79: =IF(ISBLANK(C79), "", $D$3&"-"&$C79) -> 3-58
C80: 59 | D80: =B77&".5" -> .5 | E80: =_xlfn.IFNA(_xlfn.XLOOKUP($K80, Power_Patch[Combined Rack Number and Outlet],Power_Patch[Fixture Type]), "") | F80: =_xlfn.IFNA(_xlfn.XLOOKUP($K80, Power_Patch[Combined Rack Number and Outlet],Power_Patch[Fixture Number]), "") | H80: =IFERROR(VLOOKUP(E80,ActiveFixtures,2,FALSE),"") | K80: =IF(ISBLANK(C80), "", $D$3&"-"&$C80) -> 3-59
C81: 60 | D81: =B77&".6" -> .6 | E81: =_xlfn.IFNA(_xlfn.XLOOKUP($K81, Power_Patch[Combined Rack Number and Outlet],Power_Patch[Fixture Type]), "") | F81: =_xlfn.IFNA(_xlfn.XLOOKUP($K81, Power_Patch[Combined Rack Number and Outlet],Power_Patch[Fixture Number]), "") | H81: =IFERROR(VLOOKUP(E81,ActiveFixtures,2,FALSE),"") | K81: =IF(ISBLANK(C81), "", $D$3&"-"&$C81) -> 3-60
K82: =IF(ISBLANK(C82), "", $D$3&"-"&$C82)
B83: Loom ID | C83: 61 | D83: =B84&".1" -> .1 | E83: =_xlfn.IFNA(_xlfn.XLOOKUP($K83, Power_Patch[Combined Rack Number and Outlet],Power_Patch[Fixture Type]), "") | F83: =_xlfn.IFNA(_xlfn.XLOOKUP($K83, Power_Patch[Combined Rack Number and Outlet],Power_Patch[Fixture Number]), "") | G83: =_xlfn.IFNA(_xlfn.XLOOKUP($K83, Power_Patch[Combined Rack Number and Outlet],Power_Patch[Location]), "") | H83: =IFERROR(VLOOKUP(E83,ActiveFixtures,2,FALSE),"") | K83: =IF(ISBLANK(C83), "", $D$3&"-"&$C83) -> 3-61
B84: =_xlfn.IFNA(_xlfn.XLOOKUP($K83, Power_Patch[Combined Rack Number and Outlet],Power_Patch[Multi Name]), "") | C84: 62 | D84: =B84&".2" -> .2 | E84: =_xlfn.IFNA(_xlfn.XLOOKUP($K84, Power_Patch[Combined Rack Number and Outlet],Power_Patch[Fixture Type]), "") | F84: =_xlfn.IFNA(_xlfn.XLOOKUP($K84, Power_Patch[Combined Rack Number and Outlet],Power_Patch[Fixture Number]), "") | H84: =IFERROR(VLOOKUP(E84,ActiveFixtures,2,FALSE),"") | K84: =IF(ISBLANK(C84), "", $D$3&"-"&$C84) -> 3-62
C85: 63 | D85: =B84&".3" -> .3 | E85: =_xlfn.IFNA(_xlfn.XLOOKUP($K85, Power_Patch[Combined Rack Number and Outlet],Power_Patch[Fixture Type]), "") | F85: =_xlfn.IFNA(_xlfn.XLOOKUP($K85, Power_Patch[Combined Rack Number and Outlet],Power_Patch[Fixture Number]), "") | H85: =IFERROR(VLOOKUP(E85,ActiveFixtures,2,FALSE),"") | K85: =IF(ISBLANK(C85), "", $D$3&"-"&$C85) -> 3-63
C86: 64 | D86: =B84&".4" -> .4 | E86: =_xlfn.IFNA(_xlfn.XLOOKUP($K86, Power_Patch[Combined Rack Number and Outlet],Power_Patch[Fixture Type]), "") | F86: =_xlfn.IFNA(_xlfn.XLOOKUP($K86, Power_Patch[Combined Rack Number and Outlet],Power_Patch[Fixture Number]), "") | H86: =IFERROR(VLOOKUP(E86,ActiveFixtures,2,FALSE),"") | K86: =IF(ISBLANK(C86), "", $D$3&"-"&$C86) -> 3-64
C87: 65 | D87: =B84&".5" -> .5 | E87: =_xlfn.IFNA(_xlfn.XLOOKUP($K87, Power_Patch[Combined Rack Number and Outlet],Power_Patch[Fixture Type]), "") | F87: =_xlfn.IFNA(_xlfn.XLOOKUP($K87, Power_Patch[Combined Rack Number and Outlet],Power_Patch[Fixture Number]), "") | H87: =IFERROR(VLOOKUP(E87,ActiveFixtures,2,FALSE),"") | K87: =IF(ISBLANK(C87), "", $D$3&"-"&$C87) -> 3-65
C88: 66 | D88: =B84&".6" -> .6 | E88: =_xlfn.IFNA(_xlfn.XLOOKUP($K88, Power_Patch[Combined Rack Number and Outlet],Power_Patch[Fixture Type]), "") | F88: =_xlfn.IFNA(_xlfn.XLOOKUP($K88, Power_Patch[Combined Rack Number and Outlet],Power_Patch[Fixture Number]), "") | H88: =IFERROR(VLOOKUP(E88,ActiveFixtures,2,FALSE),"") | K88: =IF(ISBLANK(C88), "", $D$3&"-"&$C88) -> 3-66
K89: =IF(ISBLANK(C89), "", $D$3&"-"&$C89)
B90: Loom ID | C90: 67 | D90: =B91&".1" -> .1 | E90: =_xlfn.IFNA(_xlfn.XLOOKUP($K90, Power_Patch[Combined Rack Number and Outlet],Power_Patch[Fixture Type]), "") | F90: =_xlfn.IFNA(_xlfn.XLOOKUP($K90, Power_Patch[Combined Rack Number and Outlet],Power_Patch[Fixture Number]), "") | G90: =_xlfn.IFNA(_xlfn.XLOOKUP($K90, Power_Patch[Combined Rack Number and Outlet],Power_Patch[Location]), "") | H90: =IFERROR(VLOOKUP(E90,ActiveFixtures,2,FALSE),"") | K90: =IF(ISBLANK(C90), "", $D$3&"-"&$C90) -> 3-67
B91: =_xlfn.IFNA(_xlfn.XLOOKUP($K90, Power_Patch[Combined Rack Number and Outlet],Power_Patch[Multi Name]), "") | C91: 68 | D91: =B91&".2" -> .2 | E91: =_xlfn.IFNA(_xlfn.XLOOKUP($K91, Power_Patch[Combined Rack Number and Outlet],Power_Patch[Fixture Type]), "") | F91: =_xlfn.IFNA(_xlfn.XLOOKUP($K91, Power_Patch[Combined Rack Number and Outlet],Power_Patch[Fixture Number]), "") | H91: =IFERROR(VLOOKUP(E91,ActiveFixtures,2,FALSE),"") | K91: =IF(ISBLANK(C91), "", $D$3&"-"&$C91) -> 3-68
C92: 69 | D92: =B91&".3" -> .3 | E92: =_xlfn.IFNA(_xlfn.XLOOKUP($K92, Power_Patch[Combined Rack Number and Outlet],Power_Patch[Fixture Type]), "") | F92: =_xlfn.IFNA(_xlfn.XLOOKUP($K92, Power_Patch[Combined Rack Number and Outlet],Power_Patch[Fixture Number]), "") | H92: =IFERROR(VLOOKUP(E92,ActiveFixtures,2,FALSE),"") | K92: =IF(ISBLANK(C92), "", $D$3&"-"&$C92) -> 3-69
C93: 70 | D93: =B91&".4" -> .4 | E93: =_xlfn.IFNA(_xlfn.XLOOKUP($K93, Power_Patch[Combined Rack Number and Outlet],Power_Patch[Fixture Type]), "") | F93: =_xlfn.IFNA(_xlfn.XLOOKUP($K93, Power_Patch[Combined Rack Number and Outlet],Power_Patch[Fixture Number]), "") | H93: =IFERROR(VLOOKUP(E93,ActiveFixtures,2,FALSE),"") | K93: =IF(ISBLANK(C93), "", $D$3&"-"&$C93) -> 3-70
C94: 71 | D94: =B91&".5" -> .5 | E94: =_xlfn.IFNA(_xlfn.XLOOKUP($K94, Power_Patch[Combined Rack Number and Outlet],Power_Patch[Fixture Type]), "") | F94: =_xlfn.IFNA(_xlfn.XLOOKUP($K94, Power_Patch[Combined Rack Number and Outlet],Power_Patch[Fixture Number]), "") | H94: =IFERROR(VLOOKUP(E94,ActiveFixtures,2,FALSE),"") | K94: =IF(ISBLANK(C94), "", $D$3&"-"&$C94) -> 3-71
C95: 72 | D95: =B91&".6" -> .6 | E95: =_xlfn.IFNA(_xlfn.XLOOKUP($K95, Power_Patch[Combined Rack Number and Outlet],Power_Patch[Fixture Type]), "") | F95: =_xlfn.IFNA(_xlfn.XLOOKUP($K95, Power_Patch[Combined Rack Number and Outlet],Power_Patch[Fixture Number]), "") | H95: =IFERROR(VLOOKUP(E95,ActiveFixtures,2,FALSE),"") | K95: =IF(ISBLANK(C95), "", $D$3&"-"&$C95) -> 3-72
K96: =IF(ISBLANK(C96), "", $D$3&"-"&$C96)
B97: Loom ID | C97: 73 | D97: =B98&".1" -> .1 | E97: =_xlfn.IFNA(_xlfn.XLOOKUP($K97, Power_Patch[Combined Rack Number and Outlet],Power_Patch[Fixture Type]), "") | F97: =_xlfn.IFNA(_xlfn.XLOOKUP($K97, Power_Patch[Combined Rack Number and Outlet],Power_Patch[Fixture Number]), "") | G97: =_xlfn.IFNA(_xlfn.XLOOKUP($K97, Power_Patch[Combined Rack Number and Outlet],Power_Patch[Location]), "") | H97: =IFERROR(VLOOKUP(E97,ActiveFixtures,2,FALSE),"") | K97: =IF(ISBLANK(C97), "", $D$3&"-"&$C97) -> 3-73
B98: =_xlfn.IFNA(_xlfn.XLOOKUP($K97, Power_Patch[Combined Rack Number and Outlet],Power_Patch[Multi Name]), "") | C98: 74 | D98: =B98&".2" -> .2 | E98: =_xlfn.IFNA(_xlfn.XLOOKUP($K98, Power_Patch[Combined Rack Number and Outlet],Power_Patch[Fixture Type]), "") | F98: =_xlfn.IFNA(_xlfn.XLOOKUP($K98, Power_Patch[Combined Rack Number and Outlet],Power_Patch[Fixture Number]), "") | H98: =IFERROR(VLOOKUP(E98,ActiveFixtures,2,FALSE),"") | K98: =IF(ISBLANK(C98), "", $D$3&"-"&$C98) -> 3-74
C99: 75 | D99: =B98&".3" -> .3 | E99: =_xlfn.IFNA(_xlfn.XLOOKUP($K99, Power_Patch[Combined Rack Number and Outlet],Power_Patch[Fixture Type]), "") | F99: =_xlfn.IFNA(_xlfn.XLOOKUP($K99, Power_Patch[Combined Rack Number and Outlet],Power_Patch[Fixture Number]), "") | H99: =IFERROR(VLOOKUP(E99,ActiveFixtures,2,FALSE),"") | K99: =IF(ISBLANK(C99), "", $D$3&"-"&$C99) -> 3-75
C100: 76 | D100: =B98&".4" -> .4 | E100: =_xlfn.IFNA(_xlfn.XLOOKUP($K100, Power_Patch[Combined Rack Number and Outlet],Power_Patch[Fixture Type]), "") | F100: =_xlfn.IFNA(_xlfn.XLOOKUP($K100, Power_Patch[Combined Rack Number and Outlet],Power_Patch[Fixture Number]), "") | H100: =IFERROR(VLOOKUP(E100,ActiveFixtures,2,FALSE),"") | K100: =IF(ISBLANK(C100), "", $D$3&"-"&$C100) -> 3-76
C101: 77 | D101: =B98&".5" -> .5 | E101: =_xlfn.IFNA(_xlfn.XLOOKUP($K101, Power_Patch[Combined Rack Number and Outlet],Power_Patch[Fixture Type]), "") | F101: =_xlfn.IFNA(_xlfn.XLOOKUP($K101, Power_Patch[Combined Rack Number and Outlet],Power_Patch[Fixture Number]), "") | H101: =IFERROR(VLOOKUP(E101,ActiveFixtures,2,FALSE),"") | K101: =IF(ISBLANK(C101), "", $D$3&"-"&$C101) -> 3-77
...

Sheet Rack 4
B2: SHOW | D2: =Fixtures!C2 -> Untitled Show
B3: RACK# | D3: 4
B4: NAME / TYPE | D4: =_xlfn.IFNA(_xlfn.XLOOKUP($D$3, Power_Patch[Rack Number],Power_Patch[Rack Name]), "") | F4: =_xlfn.IFNA(_xlfn.XLOOKUP($D$3, Power_Patch[Rack Number],Power_Patch[Rack Type]), "")
C5: CHL | D5: CIRCUT | E5: FIXTURE | F5: FIX. NO. | G5: LOCATION | H5: AMPS | K5: Lookup Value
B6: Loom ID | C6: 1 | D6: =B7&".1" -> .1 | E6: =_xlfn.IFNA(_xlfn.XLOOKUP($K6, Power_Patch[Combined Rack Number and Outlet],Power_Patch[Fixture Type]), "") | F6: =_xlfn.IFNA(_xlfn.XLOOKUP($K6, Power_Patch[Combined Rack Number and Outlet],Power_Patch[Fixture Number]), "") | G6: =_xlfn.IFNA(_xlfn.XLOOKUP($K6, Power_Patch[Combined Rack Number and Outlet],Power_Patch[Location]), "") | H6: =IFERROR(VLOOKUP(E6,ActiveFixtures,2,FALSE),"") | K6: =IF(ISBLANK(C6), "", $D$3&"-"&$C6) -> 4-1
B7: =_xlfn.IFNA(_xlfn.XLOOKUP($K6, Power_Patch[Combined Rack Number and Outlet],Power_Patch[Multi Name]), "") | C7: 2 | D7: =B7&".2" -> .2 | E7: =_xlfn.IFNA(_xlfn.XLOOKUP($K7, Power_Patch[Combined Rack Number and Outlet],Power_Patch[Fixture Type]), "") | F7: =_xlfn.IFNA(_xlfn.XLOOKUP($K7, Power_Patch[Combined Rack Number and Outlet],Power_Patch[Fixture Number]), "") | H7: =IFERROR(VLOOKUP(E7,ActiveFixtures,2,FALSE),"") | K7: =IF(ISBLANK(C7), "", $D$3&"-"&$C7) -> 4-2
C8: 3 | D8: =B7&".3" -> .3 | E8: =_xlfn.IFNA(_xlfn.XLOOKUP($K8, Power_Patch[Combined Rack Number and Outlet],Power_Patch[Fixture Type]), "") | F8: =_xlfn.IFNA(_xlfn.XLOOKUP($K8, Power_Patch[Combined Rack Number and Outlet],Power_Patch[Fixture Number]), "") | H8: =IFERROR(VLOOKUP(E8,ActiveFixtures,2,FALSE),"") | K8: =IF(ISBLANK(C8), "", $D$3&"-"&$C8) -> 4-3
C9: 4 | D9: =B7&".4" -> .4 | E9: =_xlfn.IFNA(_xlfn.XLOOKUP($K9, Power_Patch[Combined Rack Number and Outlet],Power_Patch[Fixture Type]), "") | F9: =_xlfn.IFNA(_xlfn.XLOOKUP($K9, Power_Patch[Combined Rack Number and Outlet],Power_Patch[Fixture Number]), "") | H9: =IFERROR(VLOOKUP(E9,ActiveFixtures,2,FALSE),"") | K9: =IF(ISBLANK(C9), "", $D$3&"-"&$C9) -> 4-4
C10: 5 | D10: =B7&".5" -> .5 | E10: =_xlfn.IFNA(_xlfn.XLOOKUP($K10, Power_Patch[Combined Rack Number and Outlet],Power_Patch[Fixture Type]), "") | F10: =_xlfn.IFNA(_xlfn.XLOOKUP($K10, Power_Patch[Combined Rack Number and Outlet],Power_Patch[Fixture Number]), "") | H10: =IFERROR(VLOOKUP(E10,ActiveFixtures,2,FALSE),"") | K10: =IF(ISBLANK(C10), "", $D$3&"-"&$C10) -> 4-5
C11: 6 | D11: =B7&".6" -> .6 | E11: =_xlfn.IFNA(_xlfn.XLOOKUP($K11, Power_Patch[Combined Rack Number and Outlet],Power_Patch[Fixture Type]), "") | F11: =_xlfn.IFNA(_xlfn.XLOOKUP($K11, Power_Patch[Combined Rack Number and Outlet],Power_Patch[Fixture Number]), "") | H11: =IFERROR(VLOOKUP(E11,ActiveFixtures,2,FALSE),"") | K11: =IF(ISBLANK(C11), "", $D$3&"-"&$C11) -> 4-6
K12: =IF(ISBLANK(C12), "", $D$3&"-"&$C12)
B13: Loom ID | C13: 7 | D13: =B14&".1" -> .1 | E13: =_xlfn.IFNA(_xlfn.XLOOKUP($K13, Power_Patch[Combined Rack Number and Outlet],Power_Patch[Fixture Type]), "") | F13: =_xlfn.IFNA(_xlfn.XLOOKUP($K13, Power_Patch[Combined Rack Number and Outlet],Power_Patch[Fixture Number]), "") | G13: =_xlfn.IFNA(_xlfn.XLOOKUP($K13, Power_Patch[Combined Rack Number and Outlet],Power_Patch[Location]), "") | H13: =IFERROR(VLOOKUP(E13,ActiveFixtures,2,FALSE),"") | K13: =IF(ISBLANK(C13), "", $D$3&"-"&$C13) -> 4-7
B14: =_xlfn.IFNA(_xlfn.XLOOKUP($K13, Power_Patch[Combined Rack Number and Outlet],Power_Patch[Multi Name]), "") | C14: 8 | D14: =B14&".2" -> .2 | E14: =_xlfn.IFNA(_xlfn.XLOOKUP($K14, Power_Patch[Combined Rack Number and Outlet],Power_Patch[Fixture Type]), "") | F14: =_xlfn.IFNA(_xlfn.XLOOKUP($K14, Power_Patch[Combined Rack Number and Outlet],Power_Patch[Fixture Number]), "") | H14: =IFERROR(VLOOKUP(E14,ActiveFixtures,2,FALSE),"") | K14: =IF(ISBLANK(C14), "", $D$3&"-"&$C14) -> 4-8
C15: 9 | D15: =B14&".3" -> .3 | E15: =_xlfn.IFNA(_xlfn.XLOOKUP($K15, Power_Patch[Combined Rack Number and Outlet],Power_Patch[Fixture Type]), "") | F15: =_xlfn.IFNA(_xlfn.XLOOKUP($K15, Power_Patch[Combined Rack Number and Outlet],Power_Patch[Fixture Number]), "") | H15: =IFERROR(VLOOKUP(E15,ActiveFixtures,2,FALSE),"") | K15: =IF(ISBLANK(C15), "", $D$3&"-"&$C15) -> 4-9
C16: 10 | D16: =B14&".4" -> .4 | E16: =_xlfn.IFNA(_xlfn.XLOOKUP($K16, Power_Patch[Combined Rack Number and Outlet],Power_Patch[Fixture Type]), "") | F16: =_xlfn.IFNA(_xlfn.XLOOKUP($K16, Power_Patch[Combined Rack Number and Outlet],Power_Patch[Fixture Number]), "") | H16: =IFERROR(VLOOKUP(E16,ActiveFixtures,2,FALSE),"") | K16: =IF(ISBLANK(C16), "", $D$3&"-"&$C16) -> 4-10
C17: 11 | D17: =B14&".5" -> .5 | E17: =_xlfn.IFNA(_xlfn.XLOOKUP($K17, Power_Patch[Combined Rack Number and Outlet],Power_Patch[Fixture Type]), "") | F17: =_xlfn.IFNA(_xlfn.XLOOKUP($K17, Power_Patch[Combined Rack Number and Outlet],Power_Patch[Fixture Number]), "") | H17: =IFERROR(VLOOKUP(E17,ActiveFixtures,2,FALSE),"") | K17: =IF(ISBLANK(C17), "", $D$3&"-"&$C17) -> 4-11
C18: 12 | D18: =B14&".6" -> .6 | E18: =_xlfn.IFNA(_xlfn.XLOOKUP($K18, Power_Patch[Combined Rack Number and Outlet],Power_Patch[Fixture Type]), "") | F18: =_xlfn.IFNA(_xlfn.XLOOKUP($K18, Power_Patch[Combined Rack Number and Outlet],Power_Patch[Fixture Number]), "") | H18: =IFERROR(VLOOKUP(E18,ActiveFixtures,2,FALSE),"") | K18: =IF(ISBLANK(C18), "", $D$3&"-"&$C18) -> 4-12
K19: =IF(ISBLANK(C19), "", $D$3&"-"&$C19)
B20: Loom ID | C20: 13 | D20: =B21&".1" -> .1 | E20: =_xlfn.IFNA(_xlfn.XLOOKUP($K20, Power_Patch[Combined Rack Number and Outlet],Power_Patch[Fixture Type]), "") | F20: =_xlfn.IFNA(_xlfn.XLOOKUP($K20, Power_Patch[Combined Rack Number and Outlet],Power_Patch[Fixture Number]), "") | G20: =_xlfn.IFNA(_xlfn.XLOOKUP($K20, Power_Patch[Combined Rack Number and Outlet],Power_Patch[Location]), "") | H20: =IFERROR(VLOOKUP(E20,ActiveFixtures,2,FALSE),"") | K20: =IF(ISBLANK(C20), "", $D$3&"-"&$C20) -> 4-13
B21: =_xlfn.IFNA(_xlfn.XLOOKUP($K20, Power_Patch[Combined Rack Number and Outlet],Power_Patch[Multi Name]), "") | C21: 14 | D21: =B21&".2" -> .2 | E21: =_xlfn.IFNA(_xlfn.XLOOKUP($K21, Power_Patch[Combined Rack Number and Outlet],Power_Patch[Fixture Type]), "") | F21: =_xlfn.IFNA(_xlfn.XLOOKUP($K21, Power_Patch[Combined Rack Number and Outlet],Power_Patch[Fixture Number]), "") | H21: =IFERROR(VLOOKUP(E21,ActiveFixtures,2,FALSE),"") | K21: =IF(ISBLANK(C21), "", $D$3&"-"&$C21) -> 4-14
C22: 15 | D22: =B21&".3" -> .3 | E22: =_xlfn.IFNA(_xlfn.XLOOKUP($K22, Power_Patch[Combined Rack Number and Outlet],Power_Patch[Fixture Type]), "") | F22: =_xlfn.IFNA(_xlfn.XLOOKUP($K22, Power_Patch[Combined Rack Number and Outlet],Power_Patch[Fixture Number]), "") | H22: =IFERROR(VLOOKUP(E22,ActiveFixtures,2,FALSE),"") | K22: =IF(ISBLANK(C22), "", $D$3&"-"&$C22) -> 4-15
C23: 16 | D23: =B21&".4" -> .4 | E23: =_xlfn.IFNA(_xlfn.XLOOKUP($K23, Power_Patch[Combined Rack Number and Outlet],Power_Patch[Fixture Type]), "") | F23: =_xlfn.IFNA(_xlfn.XLOOKUP($K23, Power_Patch[Combined Rack Number and Outlet],Power_Patch[Fixture Number]), "") | H23: =IFERROR(VLOOKUP(E23,ActiveFixtures,2,FALSE),"") | K23: =IF(ISBLANK(C23), "", $D$3&"-"&$C23) -> 4-16
C24: 17 | D24: =B21&".5" -> .5 | E24: =_xlfn.IFNA(_xlfn.XLOOKUP($K24, Power_Patch[Combined Rack Number and Outlet],Power_Patch[Fixture Type]), "") | F24: =_xlfn.IFNA(_xlfn.XLOOKUP($K24, Power_Patch[Combined Rack Number and Outlet],Power_Patch[Fixture Number]), "") | H24: =IFERROR(VLOOKUP(E24,ActiveFixtures,2,FALSE),"") | K24: =IF(ISBLANK(C24), "", $D$3&"-"&$C24) -> 4-17
C25: 18 | D25: =B21&".6" -> .6 | E25: =_xlfn.IFNA(_xlfn.XLOOKUP($K25, Power_Patch[Combined Rack Number and Outlet],Power_Patch[Fixture Type]), "") | F25: =_xlfn.IFNA(_xlfn.XLOOKUP($K25, Power_Patch[Combined Rack Number and Outlet],Power_Patch[Fixture Number]), "") | H25: =IFERROR(VLOOKUP(E25,ActiveFixtures,2,FALSE),"") | K25: =IF(ISBLANK(C25), "", $D$3&"-"&$C25) -> 4-18
K26: =IF(ISBLANK(C26), "", $D$3&"-"&$C26)
B27: Loom ID | C27: 19 | D27: =B28&".1" -> .1 | E27: =_xlfn.IFNA(_xlfn.XLOOKUP($K27, Power_Patch[Combined Rack Number and Outlet],Power_Patch[Fixture Type]), "") | F27: =_xlfn.IFNA(_xlfn.XLOOKUP($K27, Power_Patch[Combined Rack Number and Outlet],Power_Patch[Fixture Number]), "") | G27: =_xlfn.IFNA(_xlfn.XLOOKUP($K27, Power_Patch[Combined Rack Number and Outlet],Power_Patch[Location]), "") | H27: =IFERROR(VLOOKUP(E27,ActiveFixtures,2,FALSE),"") | K27: =IF(ISBLANK(C27), "", $D$3&"-"&$C27) -> 4-19
B28: =_xlfn.IFNA(_xlfn.XLOOKUP($K27, Power_Patch[Combined Rack Number and Outlet],Power_Patch[Multi Name]), "") | C28: 20 | D28: =B28&".2" -> .2 | E28: =_xlfn.IFNA(_xlfn.XLOOKUP($K28, Power_Patch[Combined Rack Number and Outlet],Power_Patch[Fixture Type]), "") | F28: =_xlfn.IFNA(_xlfn.XLOOKUP($K28, Power_Patch[Combined Rack Number and Outlet],Power_Patch[Fixture Number]), "") | H28: =IFERROR(VLOOKUP(E28,ActiveFixtures,2,FALSE),"") | K28: =IF(ISBLANK(C28), "", $D$3&"-"&$C28) -> 4-20
C29: 21 | D29: =B28&".3" -> .3 | E29: =_xlfn.IFNA(_xlfn.XLOOKUP($K29, Power_Patch[Combined Rack Number and Outlet],Power_Patch[Fixture Type]), "") | F29: =_xlfn.IFNA(_xlfn.XLOOKUP($K29, Power_Patch[Combined Rack Number and Outlet],Power_Patch[Fixture Number]), "") | H29: =IFERROR(VLOOKUP(E29,ActiveFixtures,2,FALSE),"") | K29: =IF(ISBLANK(C29), "", $D$3&"-"&$C29) -> 4-21
C30: 22 | D30: =B28&".4" -> .4 | E30: =_xlfn.IFNA(_xlfn.XLOOKUP($K30, Power_Patch[Combined Rack Number and Outlet],Power_Patch[Fixture Type]), "") | F30: =_xlfn.IFNA(_xlfn.XLOOKUP($K30, Power_Patch[Combined Rack Number and Outlet],Power_Patch[Fixture Number]), "") | H30: =IFERROR(VLOOKUP(E30,ActiveFixtures,2,FALSE),"") | K30: =IF(ISBLANK(C30), "", $D$3&"-"&$C30) -> 4-22
C31: 23 | D31: =B28&".5" -> .5 | E31: =_xlfn.IFNA(_xlfn.XLOOKUP($K31, Power_Patch[Combined Rack Number and Outlet],Power_Patch[Fixture Type]), "") | F31: =_xlfn.IFNA(_xlfn.XLOOKUP($K31, Power_Patch[Combined Rack Number and Outlet],Power_Patch[Fixture Number]), "") | H31: =IFERROR(VLOOKUP(E31,ActiveFixtures,2,FALSE),"") | K31: =IF(ISBLANK(C31), "", $D$3&"-"&$C31) -> 4-23
C32: 24 | D32: =B28&".6" -> .6 | E32: =_xlfn.IFNA(_xlfn.XLOOKUP($K32, Power_Patch[Combined Rack Number and Outlet],Power_Patch[Fixture Type]), "") | F32: =_xlfn.IFNA(_xlfn.XLOOKUP($K32, Power_Patch[Combined Rack Number and Outlet],Power_Patch[Fixture Number]), "") | H32: =IFERROR(VLOOKUP(E32,ActiveFixtures,2,FALSE),"") | K32: =IF(ISBLANK(C32), "", $D$3&"-"&$C32) -> 4-24
K33: =IF(ISBLANK(C33), "", $D$3&"-"&$C33)
B34: Loom ID | C34: 25 | D34: =B35&".1" -> .1 | E34: =_xlfn.IFNA(_xlfn.XLOOKUP($K34, Power_Patch[Combined Rack Number and Outlet],Power_Patch[Fixture Type]), "") | F34: =_xlfn.IFNA(_xlfn.XLOOKUP($K34, Power_Patch[Combined Rack Number and Outlet],Power_Patch[Fixture Number]), "") | G34: =_xlfn.IFNA(_xlfn.XLOOKUP($K34, Power_Patch[Combined Rack Number and Outlet],Power_Patch[Location]), "") | H34: =IFERROR(VLOOKUP(E34,ActiveFixtures,2,FALSE),"") | K34: =IF(ISBLANK(C34), "", $D$3&"-"&$C34) -> 4-25
B35: =_xlfn.IFNA(_xlfn.XLOOKUP($K34, Power_Patch[Combined Rack Number and Outlet],Power_Patch[Multi Name]), "") | C35: 26 | D35: =B35&".2" -> .2 | E35: =_xlfn.IFNA(_xlfn.XLOOKUP($K35, Power_Patch[Combined Rack Number and Outlet],Power_Patch[Fixture Type]), "") | F35: =_xlfn.IFNA(_xlfn.XLOOKUP($K35, Power_Patch[Combined Rack Number and Outlet],Power_Patch[Fixture Number]), "") | H35: =IFERROR(VLOOKUP(E35,ActiveFixtures,2,FALSE),"") | K35: =IF(ISBLANK(C35), "", $D$3&"-"&$C35) -> 4-26
C36: 27 | D36: =B35&".3" -> .3 | E36: =_xlfn.IFNA(_xlfn.XLOOKUP($K36, Power_Patch[Combined Rack Number and Outlet],Power_Patch[Fixture Type]), "") | F36: =_xlfn.IFNA(_xlfn.XLOOKUP($K36, Power_Patch[Combined Rack Number and Outlet],Power_Patch[Fixture Number]), "") | H36: =IFERROR(VLOOKUP(E36,ActiveFixtures,2,FALSE),"") | K36: =IF(ISBLANK(C36), "", $D$3&"-"&$C36) -> 4-27
C37: 28 | D37: =B35&".4" -> .4 | E37: =_xlfn.IFNA(_xlfn.XLOOKUP($K37, Power_Patch[Combined Rack Number and Outlet],Power_Patch[Fixture Type]), "") | F37: =_xlfn.IFNA(_xlfn.XLOOKUP($K37, Power_Patch[Combined Rack Number and Outlet],Power_Patch[Fixture Number]), "") | H37: =IFERROR(VLOOKUP(E37,ActiveFixtures,2,FALSE),"") | K37: =IF(ISBLANK(C37), "", $D$3&"-"&$C37) -> 4-28
C38: 29 | D38: =B35&".5" -> .5 | E38: =_xlfn.IFNA(_xlfn.XLOOKUP($K38, Power_Patch[Combined Rack Number and Outlet],Power_Patch[Fixture Type]), "") | F38: =_xlfn.IFNA(_xlfn.XLOOKUP($K38, Power_Patch[Combined Rack Number and Outlet],Power_Patch[Fixture Number]), "") | H38: =IFERROR(VLOOKUP(E38,ActiveFixtures,2,FALSE),"") | K38: =IF(ISBLANK(C38), "", $D$3&"-"&$C38) -> 4-29
C39: 30 | D39: =B35&".6" -> .6 | E39: =_xlfn.IFNA(_xlfn.XLOOKUP($K39, Power_Patch[Combined Rack Number and Outlet],Power_Patch[Fixture Type]), "") | F39: =_xlfn.IFNA(_xlfn.XLOOKUP($K39, Power_Patch[Combined Rack Number and Outlet],Power_Patch[Fixture Number]), "") | H39: =IFERROR(VLOOKUP(E39,ActiveFixtures,2,FALSE),"") | K39: =IF(ISBLANK(C39), "", $D$3&"-"&$C39) -> 4-30
K40: =IF(ISBLANK(C40), "", $D$3&"-"&$C40)
B41: Loom ID | C41: 31 | D41: =B42&".1" -> .1 | E41: =_xlfn.IFNA(_xlfn.XLOOKUP($K41, Power_Patch[Combined Rack Number and Outlet],Power_Patch[Fixture Type]), "") | F41: =_xlfn.IFNA(_xlfn.XLOOKUP($K41, Power_Patch[Combined Rack Number and Outlet],Power_Patch[Fixture Number]), "") | G41: =_xlfn.IFNA(_xlfn.XLOOKUP($K41, Power_Patch[Combined Rack Number and Outlet],Power_Patch[Location]), "") | H41: =IFERROR(VLOOKUP(E41,ActiveFixtures,2,FALSE),"") | K41: =IF(ISBLANK(C41), "", $D$3&"-"&$C41) -> 4-31
B42: =_xlfn.IFNA(_xlfn.XLOOKUP($K41, Power_Patch[Combined Rack Number and Outlet],Power_Patch[Multi Name]), "") | C42: 32 | D42: =B42&".2" -> .2 | E42: =_xlfn.IFNA(_xlfn.XLOOKUP($K42, Power_Patch[Combined Rack Number and Outlet],Power_Patch[Fixture Type]), "") | F42: =_xlfn.IFNA(_xlfn.XLOOKUP($K42, Power_Patch[Combined Rack Number and Outlet],Power_Patch[Fixture Number]), "") | H42: =IFERROR(VLOOKUP(E42,ActiveFixtures,2,FALSE),"") | K42: =IF(ISBLANK(C42), "", $D$3&"-"&$C42) -> 4-32
C43: 33 | D43: =B42&".3" -> .3 | E43: =_xlfn.IFNA(_xlfn.XLOOKUP($K43, Power_Patch[Combined Rack Number and Outlet],Power_Patch[Fixture Type]), "") | F43: =_xlfn.IFNA(_xlfn.XLOOKUP($K43, Power_Patch[Combined Rack Number and Outlet],Power_Patch[Fixture Number]), "") | H43: =IFERROR(VLOOKUP(E43,ActiveFixtures,2,FALSE),"") | K43: =IF(ISBLANK(C43), "", $D$3&"-"&$C43) -> 4-33
C44: 34 | D44: =B42&".4" -> .4 | E44: =_xlfn.IFNA(_xlfn.XLOOKUP($K44, Power_Patch[Combined Rack Number and Outlet],Power_Patch[Fixture Type]), "") | F44: =_xlfn.IFNA(_xlfn.XLOOKUP($K44, Power_Patch[Combined Rack Number and Outlet],Power_Patch[Fixture Number]), "") | H44: =IFERROR(VLOOKUP(E44,ActiveFixtures,2,FALSE),"") | K44: =IF(ISBLANK(C44), "", $D$3&"-"&$C44) -> 4-34
C45: 35 | D45: =B42&".5" -> .5 | E45: =_xlfn.IFNA(_xlfn.XLOOKUP($K45, Power_Patch[Combined Rack Number and Outlet],Power_Patch[Fixture Type]), "") | F45: =_xlfn.IFNA(_xlfn.XLOOKUP($K45, Power_Patch[Combined Rack Number and Outlet],Power_Patch[Fixture Number]), "") | H45: =IFERROR(VLOOKUP(E45,ActiveFixtures,2,FALSE),"") | K45: =IF(ISBLANK(C45), "", $D$3&"-"&$C45) -> 4-35
C46: 36 | D46: =B42&".6" -> .6 | E46: =_xlfn.IFNA(_xlfn.XLOOKUP($K46, Power_Patch[Combined Rack Number and Outlet],Power_Patch[Fixture Type]), "") | F46: =_xlfn.IFNA(_xlfn.XLOOKUP($K46, Power_Patch[Combined Rack Number and Outlet],Power_Patch[Fixture Number]), "") | H46: =IFERROR(VLOOKUP(E46,ActiveFixtures,2,FALSE),"") | K46: =IF(ISBLANK(C46), "", $D$3&"-"&$C46) -> 4-36
K47: =IF(ISBLANK(C47), "", $D$3&"-"&$C47)
B48: Loom ID | C48: 37 | D48: =B49&".1" -> .1 | E48: =_xlfn.IFNA(_xlfn.XLOOKUP($K48, Power_Patch[Combined Rack Number and Outlet],Power_Patch[Fixture Type]), "") | F48: =_xlfn.IFNA(_xlfn.XLOOKUP($K48, Power_Patch[Combined Rack Number and Outlet],Power_Patch[Fixture Number]), "") | G48: =_xlfn.IFNA(_xlfn.XLOOKUP($K48, Power_Patch[Combined Rack Number and Outlet],Power_Patch[Location]), "") | H48: =IFERROR(VLOOKUP(E48,ActiveFixtures,2,FALSE),"") | K48: =IF(ISBLANK(C48), "", $D$3&"-"&$C48) -> 4-37
B49: =_xlfn.IFNA(_xlfn.XLOOKUP($K48, Power_Patch[Combined Rack Number and Outlet],Power_Patch[Multi Name]), "") | C49: 38 | D49: =B49&".2" -> .2 | E49: =_xlfn.IFNA(_xlfn.XLOOKUP($K49, Power_Patch[Combined Rack Number and Outlet],Power_Patch[Fixture Type]), "") | F49: =_xlfn.IFNA(_xlfn.XLOOKUP($K49, Power_Patch[Combined Rack Number and Outlet],Power_Patch[Fixture Number]), "") | H49: =IFERROR(VLOOKUP(E49,ActiveFixtures,2,FALSE),"") | K49: =IF(ISBLANK(C49), "", $D$3&"-"&$C49) -> 4-38
C50: 39 | D50: =B49&".3" -> .3 | E50: =_xlfn.IFNA(_xlfn.XLOOKUP($K50, Power_Patch[Combined Rack Number and Outlet],Power_Patch[Fixture Type]), "") | F50: =_xlfn.IFNA(_xlfn.XLOOKUP($K50, Power_Patch[Combined Rack Number and Outlet],Power_Patch[Fixture Number]), "") | H50: =IFERROR(VLOOKUP(E50,ActiveFixtures,2,FALSE),"") | K50: =IF(ISBLANK(C50), "", $D$3&"-"&$C50) -> 4-39
C51: 40 | D51: =B49&".4" -> .4 | E51: =_xlfn.IFNA(_xlfn.XLOOKUP($K51, Power_Patch[Combined Rack Number and Outlet],Power_Patch[Fixture Type]), "") | F51: =_xlfn.IFNA(_xlfn.XLOOKUP($K51, Power_Patch[Combined Rack Number and Outlet],Power_Patch[Fixture Number]), "") | H51: =IFERROR(VLOOKUP(E51,ActiveFixtures,2,FALSE),"") | K51: =IF(ISBLANK(C51), "", $D$3&"-"&$C51) -> 4-40
C52: 41 | D52: =B49&".5" -> .5 | E52: =_xlfn.IFNA(_xlfn.XLOOKUP($K52, Power_Patch[Combined Rack Number and Outlet],Power_Patch[Fixture Type]), "") | F52: =_xlfn.IFNA(_xlfn.XLOOKUP($K52, Power_Patch[Combined Rack Number and Outlet],Power_Patch[Fixture Number]), "") | H52: =IFERROR(VLOOKUP(E52,ActiveFixtures,2,FALSE),"") | K52: =IF(ISBLANK(C52), "", $D$3&"-"&$C52) -> 4-41
C53: 42 | D53: =B49&".6" -> .6 | E53: =_xlfn.IFNA(_xlfn.XLOOKUP($K53, Power_Patch[Combined Rack Number and Outlet],Power_Patch[Fixture Type]), "") | F53: =_xlfn.IFNA(_xlfn.XLOOKUP($K53, Power_Patch[Combined Rack Number and Outlet],Power_Patch[Fixture Number]), "") | H53: =IFERROR(VLOOKUP(E53,ActiveFixtures,2,FALSE),"") | K53: =IF(ISBLANK(C53), "", $D$3&"-"&$C53) -> 4-42
K54: =IF(ISBLANK(C54), "", $D$3&"-"&$C54)
B55: Loom ID | C55: 43 | D55: =B56&".1" -> .1 | E55: =_xlfn.IFNA(_xlfn.XLOOKUP($K55, Power_Patch[Combined Rack Number and Outlet],Power_Patch[Fixture Type]), "") | F55: =_xlfn.IFNA(_xlfn.XLOOKUP($K55, Power_Patch[Combined Rack Number and Outlet],Power_Patch[Fixture Number]), "") | G55: =_xlfn.IFNA(_xlfn.XLOOKUP($K55, Power_Patch[Combined Rack Number and Outlet],Power_Patch[Location]), "") | H55: =IFERROR(VLOOKUP(E55,ActiveFixtures,2,FALSE),"") | K55: =IF(ISBLANK(C55), "", $D$3&"-"&$C55) -> 4-43
B56: =_xlfn.IFNA(_xlfn.XLOOKUP($K55, Power_Patch[Combined Rack Number and Outlet],Power_Patch[Multi Name]), "") | C56: 44 | D56: =B56&".2" -> .2 | E56: =_xlfn.IFNA(_xlfn.XLOOKUP($K56, Power_Patch[Combined Rack Number and Outlet],Power_Patch[Fixture Type]), "") | F56: =_xlfn.IFNA(_xlfn.XLOOKUP($K56, Power_Patch[Combined Rack Number and Outlet],Power_Patch[Fixture Number]), "") | H56: =IFERROR(VLOOKUP(E56,ActiveFixtures,2,FALSE),"") | K56: =IF(ISBLANK(C56), "", $D$3&"-"&$C56) -> 4-44
C57: 45 | D57: =B56&".3" -> .3 | E57: =_xlfn.IFNA(_xlfn.XLOOKUP($K57, Power_Patch[Combined Rack Number and Outlet],Power_Patch[Fixture Type]), "") | F57: =_xlfn.IFNA(_xlfn.XLOOKUP($K57, Power_Patch[Combined Rack Number and Outlet],Power_Patch[Fixture Number]), "") | H57: =IFERROR(VLOOKUP(E57,ActiveFixtures,2,FALSE),"") | K57: =IF(ISBLANK(C57), "", $D$3&"-"&$C57) -> 4-45
C58: 46 | D58: =B56&".4" -> .4 | E58: =_xlfn.IFNA(_xlfn.XLOOKUP($K58, Power_Patch[Combined Rack Number and Outlet],Power_Patch[Fixture Type]), "") | F58: =_xlfn.IFNA(_xlfn.XLOOKUP($K58, Power_Patch[Combined Rack Number and Outlet],Power_Patch[Fixture Number]), "") | H58: =IFERROR(VLOOKUP(E58,ActiveFixtures,2,FALSE),"") | K58: =IF(ISBLANK(C58), "", $D$3&"-"&$C58) -> 4-46
C59: 47 | D59: =B56&".5" -> .5 | E59: =_xlfn.IFNA(_xlfn.XLOOKUP($K59, Power_Patch[Combined Rack Number and Outlet],Power_Patch[Fixture Type]), "") | F59: =_xlfn.IFNA(_xlfn.XLOOKUP($K59, Power_Patch[Combined Rack Number and Outlet],Power_Patch[Fixture Number]), "") | H59: =IFERROR(VLOOKUP(E59,ActiveFixtures,2,FALSE),"") | K59: =IF(ISBLANK(C59), "", $D$3&"-"&$C59) -> 4-47
C60: 48 | D60: =B56&".6" -> .6 | E60: =_xlfn.IFNA(_xlfn.XLOOKUP($K60, Power_Patch[Combined Rack Number and Outlet],Power_Patch[Fixture Type]), "") | F60: =_xlfn.IFNA(_xlfn.XLOOKUP($K60, Power_Patch[Combined Rack Number and Outlet],Power_Patch[Fixture Number]), "") | H60: =IFERROR(VLOOKUP(E60,ActiveFixtures,2,FALSE),"") | K60: =IF(ISBLANK(C60), "", $D$3&"-"&$C60) -> 4-48
F61: AMPS PER PHASE 1 | H61: =SUM(H6,H9,H13,H16,H20,H23,H27,H30,H34,H37,H41,H44,H48,H51,H55,H58,H69,H72,H76,H79,H83,H86,H90,H93,H97,H100,H104,H107,H111,H114,H118,H121) -> 0 | K61: =IF(ISBLANK(C61), "", $D$3&"-"&$C61)
F62: AMPS PER PHASE 2 | H62: =SUM(H7,H10,H14,H17,H21,H24,H28,H31,H35,H38,H42,H45,H49,H52,H56,H59,H70,H73,H77,H80,H84,H87,H91,H94,H98,H101,H105,H108,H112,H115,H119,H122) -> 0 | K62: =IF(ISBLANK(C62), "", $D$3&"-"&$C62)
F63: AMPS PER PHASE 3 | H63: =SUM(H8,H11,H15,H18,H22,H25,H29,H32,H36,H39,H43,H46,H50,H53,H57,H60,H71,H74,H78,H81,H85,H88,H92,H95,H99,H102,H106,H109,H113,H116,H120,H123) -> 0 | K63: =IF(ISBLANK(C63), "", $D$3&"-"&$C63)
K64: =IF(ISBLANK(C64), "", $D$3&"-"&$C64)
B65: SHOW | D65: =Fixtures!C2 -> Untitled Show | K65: =IF(ISBLANK(C65), "", $D$3&"-"&$C65)
B66: B: RACK# | D66: =D3 -> 4 | K66: =IF(ISBLANK(C66), "", $D$3&"-"&$C66)
K67: =IF(ISBLANK(C67), "", $D$3&"-"&$C67)
C68: CHL | D68: CIRCUT | E68: FIXTURE | F68: FIX. NO. | G68: LOCATION | H68: AMPS | K68: =IF(ISBLANK(C68), "", $D$3&"-"&$C68) -> 4-CHL
B69: Loom ID | C69: 49 | D69: =B70&".1" -> .1 | E69: =_xlfn.IFNA(_xlfn.XLOOKUP($K69, Power_Patch[Combined Rack Number and Outlet],Power_Patch[Fixture Type]), "") | F69: =_xlfn.IFNA(_xlfn.XLOOKUP($K69, Power_Patch[Combined Rack Number and Outlet],Power_Patch[Fixture Number]), "") | G69: =_xlfn.IFNA(_xlfn.XLOOKUP($K69, Power_Patch[Combined Rack Number and Outlet],Power_Patch[Location]), "") | H69: =IFERROR(VLOOKUP(E69,ActiveFixtures,2,FALSE),"") | K69: =IF(ISBLANK(C69), "", $D$3&"-"&$C69) -> 4-49
B70: =_xlfn.IFNA(_xlfn.XLOOKUP($K69, Power_Patch[Combined Rack Number and Outlet],Power_Patch[Multi Name]), "") | C70: 50 | D70: =B70&".2" -> .2 | E70: =_xlfn.IFNA(_xlfn.XLOOKUP($K70, Power_Patch[Combined Rack Number and Outlet],Power_Patch[Fixture Type]), "") | F70: =_xlfn.IFNA(_xlfn.XLOOKUP($K70, Power_Patch[Combined Rack Number and Outlet],Power_Patch[Fixture Number]), "") | H70: =IFERROR(VLOOKUP(E70,ActiveFixtures,2,FALSE),"") | K70: =IF(ISBLANK(C70), "", $D$3&"-"&$C70) -> 4-50
C71: 51 | D71: =B70&".3" -> .3 | E71: =_xlfn.IFNA(_xlfn.XLOOKUP($K71, Power_Patch[Combined Rack Number and Outlet],Power_Patch[Fixture Type]), "") | F71: =_xlfn.IFNA(_xlfn.XLOOKUP($K71, Power_Patch[Combined Rack Number and Outlet],Power_Patch[Fixture Number]), "") | H71: =IFERROR(VLOOKUP(E71,ActiveFixtures,2,FALSE),"") | K71: =IF(ISBLANK(C71), "", $D$3&"-"&$C71) -> 4-51
C72: 52 | D72: =B70&".4" -> .4 | E72: =_xlfn.IFNA(_xlfn.XLOOKUP($K72, Power_Patch[Combined Rack Number and Outlet],Power_Patch[Fixture Type]), "") | F72: =_xlfn.IFNA(_xlfn.XLOOKUP($K72, Power_Patch[Combined Rack Number and Outlet],Power_Patch[Fixture Number]), "") | H72: =IFERROR(VLOOKUP(E72,ActiveFixtures,2,FALSE),"") | K72: =IF(ISBLANK(C72), "", $D$3&"-"&$C72) -> 4-52
C73: 53 | D73: =B70&".5" -> .5 | E73: =_xlfn.IFNA(_xlfn.XLOOKUP($K73, Power_Patch[Combined Rack Number and Outlet],Power_Patch[Fixture Type]), "") | F73: =_xlfn.IFNA(_xlfn.XLOOKUP($K73, Power_Patch[Combined Rack Number and Outlet],Power_Patch[Fixture Number]), "") | H73: =IFERROR(VLOOKUP(E73,ActiveFixtures,2,FALSE),"") | K73: =IF(ISBLANK(C73), "", $D$3&"-"&$C73) -> 4-53
C74: 54 | D74: =B70&".6" -> .6 | E74: =_xlfn.IFNA(_xlfn.XLOOKUP($K74, Power_Patch[Combined Rack Number and Outlet],Power_Patch[Fixture Type]), "") | F74: =_xlfn.IFNA(_xlfn.XLOOKUP($K74, Power_Patch[Combined Rack Number and Outlet],Power_Patch[Fixture Number]), "") | H74: =IFERROR(VLOOKUP(E74,ActiveFixtures,2,FALSE),"") | K74: =IF(ISBLANK(C74), "", $D$3&"-"&$C74) -> 4-54
K75: =IF(ISBLANK(C75), "", $D$3&"-"&$C75)
B76: Loom ID | C76: 55 | D76: =B77&".1" -> .1 | E76: =_xlfn.IFNA(_xlfn.XLOOKUP($K76, Power_Patch[Combined Rack Number and Outlet],Power_Patch[Fixture Type]), "") | F76: =_xlfn.IFNA(_xlfn.XLOOKUP($K76, Power_Patch[Combined Rack Number and Outlet],Power_Patch[Fixture Number]), "") | G76: =_xlfn.IFNA(_xlfn.XLOOKUP($K76, Power_Patch[Combined Rack Number and Outlet],Power_Patch[Location]), "") | H76: =IFERROR(VLOOKUP(E76,ActiveFixtures,2,FALSE),"") | K76: =IF(ISBLANK(C76), "", $D$3&"-"&$C76) -> 4-55
B77: =_xlfn.IFNA(_xlfn.XLOOKUP($K76, Power_Patch[Combined Rack Number and Outlet],Power_Patch[Multi Name]), "") | C77: 56 | D77: =B77&".2" -> .2 | E77: =_xlfn.IFNA(_xlfn.XLOOKUP($K77, Power_Patch[Combined Rack Number and Outlet],Power_Patch[Fixture Type]), "") | F77: =_xlfn.IFNA(_xlfn.XLOOKUP($K77, Power_Patch[Combined Rack Number and Outlet],Power_Patch[Fixture Number]), "") | H77: =IFERROR(VLOOKUP(E77,ActiveFixtures,2,FALSE),"") | K77: =IF(ISBLANK(C77), "", $D$3&"-"&$C77) -> 4-56
C78: 57 | D78: =B77&".3" -> .3 | E78: =_xlfn.IFNA(_xlfn.XLOOKUP($K78, Power_Patch[Combined Rack Number and Outlet],Power_Patch[Fixture Type]), "") | F78: =_xlfn.IFNA(_xlfn.XLOOKUP($K78, Power_Patch[Combined Rack Number and Outlet],Power_Patch[Fixture Number]), "") | H78: =IFERROR(VLOOKUP(E78,ActiveFixtures,2,FALSE),"") | K78: =IF(ISBLANK(C78), "", $D$3&"-"&$C78) -> 4-57
C79: 58 | D79: =B77&".4" -> .4 | E79: =_xlfn.IFNA(_xlfn.XLOOKUP($K79, Power_Patch[Combined Rack Number and Outlet],Power_Patch[Fixture Type]), "") | F79: =_xlfn.IFNA(_xlfn.XLOOKUP($K79, Power_Patch[Combined Rack Number and Outlet],Power_Patch[Fixture Number]), "") | H79: =IFERROR(VLOOKUP(E79,ActiveFixtures,2,FALSE),"") | K79: =IF(ISBLANK(C79), "", $D$3&"-"&$C79) -> 4-58
C80: 59 | D80: =B77&".5" -> .5 | E80: =_xlfn.IFNA(_xlfn.XLOOKUP($K80, Power_Patch[Combined Rack Number and Outlet],Power_Patch[Fixture Type]), "") | F80: =_xlfn.IFNA(_xlfn.XLOOKUP($K80, Power_Patch[Combined Rack Number and Outlet],Power_Patch[Fixture Number]), "") | H80: =IFERROR(VLOOKUP(E80,ActiveFixtures,2,FALSE),"") | K80: =IF(ISBLANK(C80), "", $D$3&"-"&$C80) -> 4-59
C81: 60 | D81: =B77&".6" -> .6 | E81: =_xlfn.IFNA(_xlfn.XLOOKUP($K81, Power_Patch[Combined Rack Number and Outlet],Power_Patch[Fixture Type]), "") | F81: =_xlfn.IFNA(_xlfn.XLOOKUP($K81, Power_Patch[Combined Rack Number and Outlet],Power_Patch[Fixture Number]), "") | H81: =IFERROR(VLOOKUP(E81,ActiveFixtures,2,FALSE),"") | K81: =IF(ISBLANK(C81), "", $D$3&"-"&$C81) -> 4-60
K82: =IF(ISBLANK(C82), "", $D$3&"-"&$C82)
B83: Loom ID | C83: 61 | D83: =B84&".1" -> .1 | E83: =_xlfn.IFNA(_xlfn.XLOOKUP($K83, Power_Patch[Combined Rack Number and Outlet],Power_Patch[Fixture Type]), "") | F83: =_xlfn.IFNA(_xlfn.XLOOKUP($K83, Power_Patch[Combined Rack Number and Outlet],Power_Patch[Fixture Number]), "") | G83: =_xlfn.IFNA(_xlfn.XLOOKUP($K83, Power_Patch[Combined Rack Number and Outlet],Power_Patch[Location]), "") | H83: =IFERROR(VLOOKUP(E83,ActiveFixtures,2,FALSE),"") | K83: =IF(ISBLANK(C83), "", $D$3&"-"&$C83) -> 4-61
B84: =_xlfn.IFNA(_xlfn.XLOOKUP($K83, Power_Patch[Combined Rack Number and Outlet],Power_Patch[Multi Name]), "") | C84: 62 | D84: =B84&".2" -> .2 | E84: =_xlfn.IFNA(_xlfn.XLOOKUP($K84, Power_Patch[Combined Rack Number and Outlet],Power_Patch[Fixture Type]), "") | F84: =_xlfn.IFNA(_xlfn.XLOOKUP($K84, Power_Patch[Combined Rack Number and Outlet],Power_Patch[Fixture Number]), "") | H84: =IFERROR(VLOOKUP(E84,ActiveFixtures,2,FALSE),"") | K84: =IF(ISBLANK(C84), "", $D$3&"-"&$C84) -> 4-62
C85: 63 | D85: =B84&".3" -> .3 | E85: =_xlfn.IFNA(_xlfn.XLOOKUP($K85, Power_Patch[Combined Rack Number and Outlet],Power_Patch[Fixture Type]), "") | F85: =_xlfn.IFNA(_xlfn.XLOOKUP($K85, Power_Patch[Combined Rack Number and Outlet],Power_Patch[Fixture Number]), "") | H85: =IFERROR(VLOOKUP(E85,ActiveFixtures,2,FALSE),"") | K85: =IF(ISBLANK(C85), "", $D$3&"-"&$C85) -> 4-63
C86: 64 | D86: =B84&".4" -> .4 | E86: =_xlfn.IFNA(_xlfn.XLOOKUP($K86, Power_Patch[Combined Rack Number and Outlet],Power_Patch[Fixture Type]), "") | F86: =_xlfn.IFNA(_xlfn.XLOOKUP($K86, Power_Patch[Combined Rack Number and Outlet],Power_Patch[Fixture Number]), "") | H86: =IFERROR(VLOOKUP(E86,ActiveFixtures,2,FALSE),"") | K86: =IF(ISBLANK(C86), "", $D$3&"-"&$C86) -> 4-64
C87: 65 | D87: =B84&".5" -> .5 | E87: =_xlfn.IFNA(_xlfn.XLOOKUP($K87, Power_Patch[Combined Rack Number and Outlet],Power_Patch[Fixture Type]), "") | F87: =_xlfn.IFNA(_xlfn.XLOOKUP($K87, Power_Patch[Combined Rack Number and Outlet],Power_Patch[Fixture Number]), "") | H87: =IFERROR(VLOOKUP(E87,ActiveFixtures,2,FALSE),"") | K87: =IF(ISBLANK(C87), "", $D$3&"-"&$C87) -> 4-65
C88: 66 | D88: =B84&".6" -> .6 | E88: =_xlfn.IFNA(_xlfn.XLOOKUP($K88, Power_Patch[Combined Rack Number and Outlet],Power_Patch[Fixture Type]), "") | F88: =_xlfn.IFNA(_xlfn.XLOOKUP($K88, Power_Patch[Combined Rack Number and Outlet],Power_Patch[Fixture Number]), "") | H88: =IFERROR(VLOOKUP(E88,ActiveFixtures,2,FALSE),"") | K88: =IF(ISBLANK(C88), "", $D$3&"-"&$C88) -> 4-66
K89: =IF(ISBLANK(C89), "", $D$3&"-"&$C89)
B90: Loom ID | C90: 67 | D90: =B91&".1" -> .1 | E90: =_xlfn.IFNA(_xlfn.XLOOKUP($K90, Power_Patch[Combined Rack Number and Outlet],Power_Patch[Fixture Type]), "") | F90: =_xlfn.IFNA(_xlfn.XLOOKUP($K90, Power_Patch[Combined Rack Number and Outlet],Power_Patch[Fixture Number]), "") | G90: =_xlfn.IFNA(_xlfn.XLOOKUP($K90, Power_Patch[Combined Rack Number and Outlet],Power_Patch[Location]), "") | H90: =IFERROR(VLOOKUP(E90,ActiveFixtures,2,FALSE),"") | K90: =IF(ISBLANK(C90), "", $D$3&"-"&$C90) -> 4-67
B91: =_xlfn.IFNA(_xlfn.XLOOKUP($K90, Power_Patch[Combined Rack Number and Outlet],Power_Patch[Multi Name]), "") | C91: 68 | D91: =B91&".2" -> .2 | E91: =_xlfn.IFNA(_xlfn.XLOOKUP($K91, Power_Patch[Combined Rack Number and Outlet],Power_Patch[Fixture Type]), "") | F91: =_xlfn.IFNA(_xlfn.XLOOKUP($K91, Power_Patch[Combined Rack Number and Outlet],Power_Patch[Fixture Number]), "") | H91: =IFERROR(VLOOKUP(E91,ActiveFixtures,2,FALSE),"") | K91: =IF(ISBLANK(C91), "", $D$3&"-"&$C91) -> 4-68
C92: 69 | D92: =B91&".3" -> .3 | E92: =_xlfn.IFNA(_xlfn.XLOOKUP($K92, Power_Patch[Combined Rack Number and Outlet],Power_Patch[Fixture Type]), "") | F92: =_xlfn.IFNA(_xlfn.XLOOKUP($K92, Power_Patch[Combined Rack Number and Outlet],Power_Patch[Fixture Number]), "") | H92: =IFERROR(VLOOKUP(E92,ActiveFixtures,2,FALSE),"") | K92: =IF(ISBLANK(C92), "", $D$3&"-"&$C92) -> 4-69
C93: 70 | D93: =B91&".4" -> .4 | E93: =_xlfn.IFNA(_xlfn.XLOOKUP($K93, Power_Patch[Combined Rack Number and Outlet],Power_Patch[Fixture Type]), "") | F93: =_xlfn.IFNA(_xlfn.XLOOKUP($K93, Power_Patch[Combined Rack Number and Outlet],Power_Patch[Fixture Number]), "") | H93: =IFERROR(VLOOKUP(E93,ActiveFixtures,2,FALSE),"") | K93: =IF(ISBLANK(C93), "", $D$3&"-"&$C93) -> 4-70
C94: 71 | D94: =B91&".5" -> .5 | E94: =_xlfn.IFNA(_xlfn.XLOOKUP($K94, Power_Patch[Combined Rack Number and Outlet],Power_Patch[Fixture Type]), "") | F94: =_xlfn.IFNA(_xlfn.XLOOKUP($K94, Power_Patch[Combined Rack Number and Outlet],Power_Patch[Fixture Number]), "") | H94: =IFERROR(VLOOKUP(E94,ActiveFixtures,2,FALSE),"") | K94: =IF(ISBLANK(C94), "", $D$3&"-"&$C94) -> 4-71
C95: 72 | D95: =B91&".6" -> .6 | E95: =_xlfn.IFNA(_xlfn.XLOOKUP($K95, Power_Patch[Combined Rack Number and Outlet],Power_Patch[Fixture Type]), "") | F95: =_xlfn.IFNA(_xlfn.XLOOKUP($K95, Power_Patch[Combined Rack Number and Outlet],Power_Patch[Fixture Number]), "") | H95: =IFERROR(VLOOKUP(E95,ActiveFixtures,2,FALSE),"") | K95: =IF(ISBLANK(C95), "", $D$3&"-"&$C95) -> 4-72
K96: =IF(ISBLANK(C96), "", $D$3&"-"&$C96)
B97: Loom ID | C97: 73 | D97: =B98&".1" -> .1 | E97: =_xlfn.IFNA(_xlfn.XLOOKUP($K97, Power_Patch[Combined Rack Number and Outlet],Power_Patch[Fixture Type]), "") | F97: =_xlfn.IFNA(_xlfn.XLOOKUP($K97, Power_Patch[Combined Rack Number and Outlet],Power_Patch[Fixture Number]), "") | G97: =_xlfn.IFNA(_xlfn.XLOOKUP($K97, Power_Patch[Combined Rack Number and Outlet],Power_Patch[Location]), "") | H97: =IFERROR(VLOOKUP(E97,ActiveFixtures,2,FALSE),"") | K97: =IF(ISBLANK(C97), "", $D$3&"-"&$C97) -> 4-73
B98: =_xlfn.IFNA(_xlfn.XLOOKUP($K97, Power_Patch[Combined Rack Number and Outlet],Power_Patch[Multi Name]), "") | C98: 74 | D98: =B98&".2" -> .2 | E98: =_xlfn.IFNA(_xlfn.XLOOKUP($K98, Power_Patch[Combined Rack Number and Outlet],Power_Patch[Fixture Type]), "") | F98: =_xlfn.IFNA(_xlfn.XLOOKUP($K98, Power_Patch[Combined Rack Number and Outlet],Power_Patch[Fixture Number]), "") | H98: =IFERROR(VLOOKUP(E98,ActiveFixtures,2,FALSE),"") | K98: =IF(ISBLANK(C98), "", $D$3&"-"&$C98) -> 4-74
C99: 75 | D99: =B98&".3" -> .3 | E99: =_xlfn.IFNA(_xlfn.XLOOKUP($K99, Power_Patch[Combined Rack Number and Outlet],Power_Patch[Fixture Type]), "") | F99: =_xlfn.IFNA(_xlfn.XLOOKUP($K99, Power_Patch[Combined Rack Number and Outlet],Power_Patch[Fixture Number]), "") | H99: =IFERROR(VLOOKUP(E99,ActiveFixtures,2,FALSE),"") | K99: =IF(ISBLANK(C99), "", $D$3&"-"&$C99) -> 4-75
C100: 76 | D100: =B98&".4" -> .4 | E100: =_xlfn.IFNA(_xlfn.XLOOKUP($K100, Power_Patch[Combined Rack Number and Outlet],Power_Patch[Fixture Type]), "") | F100: =_xlfn.IFNA(_xlfn.XLOOKUP($K100, Power_Patch[Combined Rack Number and Outlet],Power_Patch[Fixture Number]), "") | H100: =IFERROR(VLOOKUP(E100,ActiveFixtures,2,FALSE),"") | K100: =IF(ISBLANK(C100), "", $D$3&"-"&$C100) -> 4-76
C101: 77 | D101: =B98&".5" -> .5 | E101: =_xlfn.IFNA(_xlfn.XLOOKUP($K101, Power_Patch[Combined Rack Number and Outlet],Power_Patch[Fixture Type]), "") | F101: =_xlfn.IFNA(_xlfn.XLOOKUP($K101, Power_Patch[Combined Rack Number and Outlet],Power_Patch[Fixture Number]), "") | H101: =IFERROR(VLOOKUP(E101,ActiveFixtures,2,FALSE),"") | K101: =IF(ISBLANK(C101), "", $D$3&"-"&$C101) -> 4-77
...

Sheet Rack 5
B2: SHOW | D2: =Fixtures!C2 -> Untitled Show
B3: RACK# | D3: 5
B4: NAME / TYPE | D4: =_xlfn.IFNA(_xlfn.XLOOKUP($D$3, Power_Patch[Rack Number],Power_Patch[Rack Name]), "") | F4: =_xlfn.IFNA(_xlfn.XLOOKUP($D$3, Power_Patch[Rack Number],Power_Patch[Rack Type]), "")
C5: CHL | D5: CIRCUT | E5: FIXTURE | F5: FIX. NO. | G5: LOCATION | H5: AMPS | K5: Lookup Value
B6: Loom ID | C6: 1 | D6: =B7&".1" -> .1 | E6: =_xlfn.IFNA(_xlfn.XLOOKUP($K6, Power_Patch[Combined Rack Number and Outlet],Power_Patch[Fixture Type]), "") | F6: =_xlfn.IFNA(_xlfn.XLOOKUP($K6, Power_Patch[Combined Rack Number and Outlet],Power_Patch[Fixture Number]), "") | G6: =_xlfn.IFNA(_xlfn.XLOOKUP($K6, Power_Patch[Combined Rack Number and Outlet],Power_Patch[Location]), "") | H6: =IFERROR(VLOOKUP(E6,ActiveFixtures,2,FALSE),"") | K6: =IF(ISBLANK(C6), "", $D$3&"-"&$C6) -> 5-1
B7: =_xlfn.IFNA(_xlfn.XLOOKUP($K6, Power_Patch[Combined Rack Number and Outlet],Power_Patch[Multi Name]), "") | C7: 2 | D7: =B7&".2" -> .2 | E7: =_xlfn.IFNA(_xlfn.XLOOKUP($K7, Power_Patch[Combined Rack Number and Outlet],Power_Patch[Fixture Type]), "") | F7: =_xlfn.IFNA(_xlfn.XLOOKUP($K7, Power_Patch[Combined Rack Number and Outlet],Power_Patch[Fixture Number]), "") | H7: =IFERROR(VLOOKUP(E7,ActiveFixtures,2,FALSE),"") | K7: =IF(ISBLANK(C7), "", $D$3&"-"&$C7) -> 5-2
C8: 3 | D8: =B7&".3" -> .3 | E8: =_xlfn.IFNA(_xlfn.XLOOKUP($K8, Power_Patch[Combined Rack Number and Outlet],Power_Patch[Fixture Type]), "") | F8: =_xlfn.IFNA(_xlfn.XLOOKUP($K8, Power_Patch[Combined Rack Number and Outlet],Power_Patch[Fixture Number]), "") | H8: =IFERROR(VLOOKUP(E8,ActiveFixtures,2,FALSE),"") | K8: =IF(ISBLANK(C8), "", $D$3&"-"&$C8) -> 5-3
C9: 4 | D9: =B7&".4" -> .4 | E9: =_xlfn.IFNA(_xlfn.XLOOKUP($K9, Power_Patch[Combined Rack Number and Outlet],Power_Patch[Fixture Type]), "") | F9: =_xlfn.IFNA(_xlfn.XLOOKUP($K9, Power_Patch[Combined Rack Number and Outlet],Power_Patch[Fixture Number]), "") | H9: =IFERROR(VLOOKUP(E9,ActiveFixtures,2,FALSE),"") | K9: =IF(ISBLANK(C9), "", $D$3&"-"&$C9) -> 5-4
C10: 5 | D10: =B7&".5" -> .5 | E10: =_xlfn.IFNA(_xlfn.XLOOKUP($K10, Power_Patch[Combined Rack Number and Outlet],Power_Patch[Fixture Type]), "") | F10: =_xlfn.IFNA(_xlfn.XLOOKUP($K10, Power_Patch[Combined Rack Number and Outlet],Power_Patch[Fixture Number]), "") | H10: =IFERROR(VLOOKUP(E10,ActiveFixtures,2,FALSE),"") | K10: =IF(ISBLANK(C10), "", $D$3&"-"&$C10) -> 5-5
C11: 6 | D11: =B7&".6" -> .6 | E11: =_xlfn.IFNA(_xlfn.XLOOKUP($K11, Power_Patch[Combined Rack Number and Outlet],Power_Patch[Fixture Type]), "") | F11: =_xlfn.IFNA(_xlfn.XLOOKUP($K11, Power_Patch[Combined Rack Number and Outlet],Power_Patch[Fixture Number]), "") | H11: =IFERROR(VLOOKUP(E11,ActiveFixtures,2,FALSE),"") | K11: =IF(ISBLANK(C11), "", $D$3&"-"&$C11) -> 5-6
K12: =IF(ISBLANK(C12), "", $D$3&"-"&$C12)
B13: Loom ID | C13: 7 | D13: =B14&".1" -> .1 | E13: =_xlfn.IFNA(_xlfn.XLOOKUP($K13, Power_Patch[Combined Rack Number and Outlet],Power_Patch[Fixture Type]), "") | F13: =_xlfn.IFNA(_xlfn.XLOOKUP($K13, Power_Patch[Combined Rack Number and Outlet],Power_Patch[Fixture Number]), "") | G13: =_xlfn.IFNA(_xlfn.XLOOKUP($K13, Power_Patch[Combined Rack Number and Outlet],Power_Patch[Location]), "") | H13: =IFERROR(VLOOKUP(E13,ActiveFixtures,2,FALSE),"") | K13: =IF(ISBLANK(C13), "", $D$3&"-"&$C13) -> 5-7
B14: =_xlfn.IFNA(_xlfn.XLOOKUP($K13, Power_Patch[Combined Rack Number and Outlet],Power_Patch[Multi Name]), "") | C14: 8 | D14: =B14&".2" -> .2 | E14: =_xlfn.IFNA(_xlfn.XLOOKUP($K14, Power_Patch[Combined Rack Number and Outlet],Power_Patch[Fixture Type]), "") | F14: =_xlfn.IFNA(_xlfn.XLOOKUP($K14, Power_Patch[Combined Rack Number and Outlet],Power_Patch[Fixture Number]), "") | H14: =IFERROR(VLOOKUP(E14,ActiveFixtures,2,FALSE),"") | K14: =IF(ISBLANK(C14), "", $D$3&"-"&$C14) -> 5-8
C15: 9 | D15: =B14&".3" -> .3 | E15: =_xlfn.IFNA(_xlfn.XLOOKUP($K15, Power_Patch[Combined Rack Number and Outlet],Power_Patch[Fixture Type]), "") | F15: =_xlfn.IFNA(_xlfn.XLOOKUP($K15, Power_Patch[Combined Rack Number and Outlet],Power_Patch[Fixture Number]), "") | H15: =IFERROR(VLOOKUP(E15,ActiveFixtures,2,FALSE),"") | K15: =IF(ISBLANK(C15), "", $D$3&"-"&$C15) -> 5-9
C16: 10 | D16: =B14&".4" -> .4 | E16: =_xlfn.IFNA(_xlfn.XLOOKUP($K16, Power_Patch[Combined Rack Number and Outlet],Power_Patch[Fixture Type]), "") | F16: =_xlfn.IFNA(_xlfn.XLOOKUP($K16, Power_Patch[Combined Rack Number and Outlet],Power_Patch[Fixture Number]), "") | H16: =IFERROR(VLOOKUP(E16,ActiveFixtures,2,FALSE),"") | K16: =IF(ISBLANK(C16), "", $D$3&"-"&$C16) -> 5-10
C17: 11 | D17: =B14&".5" -> .5 | E17: =_xlfn.IFNA(_xlfn.XLOOKUP($K17, Power_Patch[Combined Rack Number and Outlet],Power_Patch[Fixture Type]), "") | F17: =_xlfn.IFNA(_xlfn.XLOOKUP($K17, Power_Patch[Combined Rack Number and Outlet],Power_Patch[Fixture Number]), "") | H17: =IFERROR(VLOOKUP(E17,ActiveFixtures,2,FALSE),"") | K17: =IF(ISBLANK(C17), "", $D$3&"-"&$C17) -> 5-11
C18: 12 | D18: =B14&".6" -> .6 | E18: =_xlfn.IFNA(_xlfn.XLOOKUP($K18, Power_Patch[Combined Rack Number and Outlet],Power_Patch[Fixture Type]), "") | F18: =_xlfn.IFNA(_xlfn.XLOOKUP($K18, Power_Patch[Combined Rack Number and Outlet],Power_Patch[Fixture Number]), "") | H18: =IFERROR(VLOOKUP(E18,ActiveFixtures,2,FALSE),"") | K18: =IF(ISBLANK(C18), "", $D$3&"-"&$C18) -> 5-12
K19: =IF(ISBLANK(C19), "", $D$3&"-"&$C19)
B20: Loom ID | C20: 13 | D20: =B21&".1" -> .1 | E20: =_xlfn.IFNA(_xlfn.XLOOKUP($K20, Power_Patch[Combined Rack Number and Outlet],Power_Patch[Fixture Type]), "") | F20: =_xlfn.IFNA(_xlfn.XLOOKUP($K20, Power_Patch[Combined Rack Number and Outlet],Power_Patch[Fixture Number]), "") | G20: =_xlfn.IFNA(_xlfn.XLOOKUP($K20, Power_Patch[Combined Rack Number and Outlet],Power_Patch[Location]), "") | H20: =IFERROR(VLOOKUP(E20,ActiveFixtures,2,FALSE),"") | K20: =IF(ISBLANK(C20), "", $D$3&"-"&$C20) -> 5-13
B21: =_xlfn.IFNA(_xlfn.XLOOKUP($K20, Power_Patch[Combined Rack Number and Outlet],Power_Patch[Multi Name]), "") | C21: 14 | D21: =B21&".2" -> .2 | E21: =_xlfn.IFNA(_xlfn.XLOOKUP($K21, Power_Patch[Combined Rack Number and Outlet],Power_Patch[Fixture Type]), "") | F21: =_xlfn.IFNA(_xlfn.XLOOKUP($K21, Power_Patch[Combined Rack Number and Outlet],Power_Patch[Fixture Number]), "") | H21: =IFERROR(VLOOKUP(E21,ActiveFixtures,2,FALSE),"") | K21: =IF(ISBLANK(C21), "", $D$3&"-"&$C21) -> 5-14
C22: 15 | D22: =B21&".3" -> .3 | E22: =_xlfn.IFNA(_xlfn.XLOOKUP($K22, Power_Patch[Combined Rack Number and Outlet],Power_Patch[Fixture Type]), "") | F22: =_xlfn.IFNA(_xlfn.XLOOKUP($K22, Power_Patch[Combined Rack Number and Outlet],Power_Patch[Fixture Number]), "") | H22: =IFERROR(VLOOKUP(E22,ActiveFixtures,2,FALSE),"") | K22: =IF(ISBLANK(C22), "", $D$3&"-"&$C22) -> 5-15
C23: 16 | D23: =B21&".4" -> .4 | E23: =_xlfn.IFNA(_xlfn.XLOOKUP($K23, Power_Patch[Combined Rack Number and Outlet],Power_Patch[Fixture Type]), "") | F23: =_xlfn.IFNA(_xlfn.XLOOKUP($K23, Power_Patch[Combined Rack Number and Outlet],Power_Patch[Fixture Number]), "") | H23: =IFERROR(VLOOKUP(E23,ActiveFixtures,2,FALSE),"") | K23: =IF(ISBLANK(C23), "", $D$3&"-"&$C23) -> 5-16
C24: 17 | D24: =B21&".5" -> .5 | E24: =_xlfn.IFNA(_xlfn.XLOOKUP($K24, Power_Patch[Combined Rack Number and Outlet],Power_Patch[Fixture Type]), "") | F24: =_xlfn.IFNA(_xlfn.XLOOKUP($K24, Power_Patch[Combined Rack Number and Outlet],Power_Patch[Fixture Number]), "") | H24: =IFERROR(VLOOKUP(E24,ActiveFixtures,2,FALSE),"") | K24: =IF(ISBLANK(C24), "", $D$3&"-"&$C24) -> 5-17
C25: 18 | D25: =B21&".6" -> .6 | E25: =_xlfn.IFNA(_xlfn.XLOOKUP($K25, Power_Patch[Combined Rack Number and Outlet],Power_Patch[Fixture Type]), "") | F25: =_xlfn.IFNA(_xlfn.XLOOKUP($K25, Power_Patch[Combined Rack Number and Outlet],Power_Patch[Fixture Number]), "") | H25: =IFERROR(VLOOKUP(E25,ActiveFixtures,2,FALSE),"") | K25: =IF(ISBLANK(C25), "", $D$3&"-"&$C25) -> 5-18
K26: =IF(ISBLANK(C26), "", $D$3&"-"&$C26)
B27: Loom ID | C27: 19 | D27: =B28&".1" -> .1 | E27: =_xlfn.IFNA(_xlfn.XLOOKUP($K27, Power_Patch[Combined Rack Number and Outlet],Power_Patch[Fixture Type]), "") | F27: =_xlfn.IFNA(_xlfn.XLOOKUP($K27, Power_Patch[Combined Rack Number and Outlet],Power_Patch[Fixture Number]), "") | G27: =_xlfn.IFNA(_xlfn.XLOOKUP($K27, Power_Patch[Combined Rack Number and Outlet],Power_Patch[Location]), "") | H27: =IFERROR(VLOOKUP(E27,ActiveFixtures,2,FALSE),"") | K27: =IF(ISBLANK(C27), "", $D$3&"-"&$C27) -> 5-19
B28: =_xlfn.IFNA(_xlfn.XLOOKUP($K27, Power_Patch[Combined Rack Number and Outlet],Power_Patch[Multi Name]), "") | C28: 20 | D28: =B28&".2" -> .2 | E28: =_xlfn.IFNA(_xlfn.XLOOKUP($K28, Power_Patch[Combined Rack Number and Outlet],Power_Patch[Fixture Type]), "") | F28: =_xlfn.IFNA(_xlfn.XLOOKUP($K28, Power_Patch[Combined Rack Number and Outlet],Power_Patch[Fixture Number]), "") | H28: =IFERROR(VLOOKUP(E28,ActiveFixtures,2,FALSE),"") | K28: =IF(ISBLANK(C28), "", $D$3&"-"&$C28) -> 5-20
C29: 21 | D29: =B28&".3" -> .3 | E29: =_xlfn.IFNA(_xlfn.XLOOKUP($K29, Power_Patch[Combined Rack Number and Outlet],Power_Patch[Fixture Type]), "") | F29: =_xlfn.IFNA(_xlfn.XLOOKUP($K29, Power_Patch[Combined Rack Number and Outlet],Power_Patch[Fixture Number]), "") | H29: =IFERROR(VLOOKUP(E29,ActiveFixtures,2,FALSE),"") | K29: =IF(ISBLANK(C29), "", $D$3&"-"&$C29) -> 5-21
C30: 22 | D30: =B28&".4" -> .4 | E30: =_xlfn.IFNA(_xlfn.XLOOKUP($K30, Power_Patch[Combined Rack Number and Outlet],Power_Patch[Fixture Type]), "") | F30: =_xlfn.IFNA(_xlfn.XLOOKUP($K30, Power_Patch[Combined Rack Number and Outlet],Power_Patch[Fixture Number]), "") | H30: =IFERROR(VLOOKUP(E30,ActiveFixtures,2,FALSE),"") | K30: =IF(ISBLANK(C30), "", $D$3&"-"&$C30) -> 5-22
C31: 23 | D31: =B28&".5" -> .5 | E31: =_xlfn.IFNA(_xlfn.XLOOKUP($K31, Power_Patch[Combined Rack Number and Outlet],Power_Patch[Fixture Type]), "") | F31: =_xlfn.IFNA(_xlfn.XLOOKUP($K31, Power_Patch[Combined Rack Number and Outlet],Power_Patch[Fixture Number]), "") | H31: =IFERROR(VLOOKUP(E31,ActiveFixtures,2,FALSE),"") | K31: =IF(ISBLANK(C31), "", $D$3&"-"&$C31) -> 5-23
C32: 24 | D32: =B28&".6" -> .6 | E32: =_xlfn.IFNA(_xlfn.XLOOKUP($K32, Power_Patch[Combined Rack Number and Outlet],Power_Patch[Fixture Type]), "") | F32: =_xlfn.IFNA(_xlfn.XLOOKUP($K32, Power_Patch[Combined Rack Number and Outlet],Power_Patch[Fixture Number]), "") | H32: =IFERROR(VLOOKUP(E32,ActiveFixtures,2,FALSE),"") | K32: =IF(ISBLANK(C32), "", $D$3&"-"&$C32) -> 5-24
K33: =IF(ISBLANK(C33), "", $D$3&"-"&$C33)
B34: Loom ID | C34: 25 | D34: =B35&".1" -> .1 | E34: =_xlfn.IFNA(_xlfn.XLOOKUP($K34, Power_Patch[Combined Rack Number and Outlet],Power_Patch[Fixture Type]), "") | F34: =_xlfn.IFNA(_xlfn.XLOOKUP($K34, Power_Patch[Combined Rack Number and Outlet],Power_Patch[Fixture Number]), "") | G34: =_xlfn.IFNA(_xlfn.XLOOKUP($K34, Power_Patch[Combined Rack Number and Outlet],Power_Patch[Location]), "") | H34: =IFERROR(VLOOKUP(E34,ActiveFixtures,2,FALSE),"") | K34: =IF(ISBLANK(C34), "", $D$3&"-"&$C34) -> 5-25
B35: =_xlfn.IFNA(_xlfn.XLOOKUP($K34, Power_Patch[Combined Rack Number and Outlet],Power_Patch[Multi Name]), "") | C35: 26 | D35: =B35&".2" -> .2 | E35: =_xlfn.IFNA(_xlfn.XLOOKUP($K35, Power_Patch[Combined Rack Number and Outlet],Power_Patch[Fixture Type]), "") | F35: =_xlfn.IFNA(_xlfn.XLOOKUP($K35, Power_Patch[Combined Rack Number and Outlet],Power_Patch[Fixture Number]), "") | H35: =IFERROR(VLOOKUP(E35,ActiveFixtures,2,FALSE),"") | K35: =IF(ISBLANK(C35), "", $D$3&"-"&$C35) -> 5-26
C36: 27 | D36: =B35&".3" -> .3 | E36: =_xlfn.IFNA(_xlfn.XLOOKUP($K36, Power_Patch[Combined Rack Number and Outlet],Power_Patch[Fixture Type]), "") | F36: =_xlfn.IFNA(_xlfn.XLOOKUP($K36, Power_Patch[Combined Rack Number and Outlet],Power_Patch[Fixture Number]), "") | H36: =IFERROR(VLOOKUP(E36,ActiveFixtures,2,FALSE),"") | K36: =IF(ISBLANK(C36), "", $D$3&"-"&$C36) -> 5-27
C37: 28 | D37: =B35&".4" -> .4 | E37: =_xlfn.IFNA(_xlfn.XLOOKUP($K37, Power_Patch[Combined Rack Number and Outlet],Power_Patch[Fixture Type]), "") | F37: =_xlfn.IFNA(_xlfn.XLOOKUP($K37, Power_Patch[Combined Rack Number and Outlet],Power_Patch[Fixture Number]), "") | H37: =IFERROR(VLOOKUP(E37,ActiveFixtures,2,FALSE),"") | K37: =IF(ISBLANK(C37), "", $D$3&"-"&$C37) -> 5-28
C38: 29 | D38: =B35&".5" -> .5 | E38: =_xlfn.IFNA(_xlfn.XLOOKUP($K38, Power_Patch[Combined Rack Number and Outlet],Power_Patch[Fixture Type]), "") | F38: =_xlfn.IFNA(_xlfn.XLOOKUP($K38, Power_Patch[Combined Rack Number and Outlet],Power_Patch[Fixture Number]), "") | H38: =IFERROR(VLOOKUP(E38,ActiveFixtures,2,FALSE),"") | K38: =IF(ISBLANK(C38), "", $D$3&"-"&$C38) -> 5-29
C39: 30 | D39: =B35&".6" -> .6 | E39: =_xlfn.IFNA(_xlfn.XLOOKUP($K39, Power_Patch[Combined Rack Number and Outlet],Power_Patch[Fixture Type]), "") | F39: =_xlfn.IFNA(_xlfn.XLOOKUP($K39, Power_Patch[Combined Rack Number and Outlet],Power_Patch[Fixture Number]), "") | H39: =IFERROR(VLOOKUP(E39,ActiveFixtures,2,FALSE),"") | K39: =IF(ISBLANK(C39), "", $D$3&"-"&$C39) -> 5-30
K40: =IF(ISBLANK(C40), "", $D$3&"-"&$C40)
B41: Loom ID | C41: 31 | D41: =B42&".1" -> .1 | E41: =_xlfn.IFNA(_xlfn.XLOOKUP($K41, Power_Patch[Combined Rack Number and Outlet],Power_Patch[Fixture Type]), "") | F41: =_xlfn.IFNA(_xlfn.XLOOKUP($K41, Power_Patch[Combined Rack Number and Outlet],Power_Patch[Fixture Number]), "") | G41: =_xlfn.IFNA(_xlfn.XLOOKUP($K41, Power_Patch[Combined Rack Number and Outlet],Power_Patch[Location]), "") | H41: =IFERROR(VLOOKUP(E41,ActiveFixtures,2,FALSE),"") | K41: =IF(ISBLANK(C41), "", $D$3&"-"&$C41) -> 5-31
B42: =_xlfn.IFNA(_xlfn.XLOOKUP($K41, Power_Patch[Combined Rack Number and Outlet],Power_Patch[Multi Name]), "") | C42: 32 | D42: =B42&".2" -> .2 | E42: =_xlfn.IFNA(_xlfn.XLOOKUP($K42, Power_Patch[Combined Rack Number and Outlet],Power_Patch[Fixture Type]), "") | F42: =_xlfn.IFNA(_xlfn.XLOOKUP($K42, Power_Patch[Combined Rack Number and Outlet],Power_Patch[Fixture Number]), "") | H42: =IFERROR(VLOOKUP(E42,ActiveFixtures,2,FALSE),"") | K42: =IF(ISBLANK(C42), "", $D$3&"-"&$C42) -> 5-32
C43: 33 | D43: =B42&".3" -> .3 | E43: =_xlfn.IFNA(_xlfn.XLOOKUP($K43, Power_Patch[Combined Rack Number and Outlet],Power_Patch[Fixture Type]), "") | F43: =_xlfn.IFNA(_xlfn.XLOOKUP($K43, Power_Patch[Combined Rack Number and Outlet],Power_Patch[Fixture Number]), "") | H43: =IFERROR(VLOOKUP(E43,ActiveFixtures,2,FALSE),"") | K43: =IF(ISBLANK(C43), "", $D$3&"-"&$C43) -> 5-33
C44: 34 | D44: =B42&".4" -> .4 | E44: =_xlfn.IFNA(_xlfn.XLOOKUP($K44, Power_Patch[Combined Rack Number and Outlet],Power_Patch[Fixture Type]), "") | F44: =_xlfn.IFNA(_xlfn.XLOOKUP($K44, Power_Patch[Combined Rack Number and Outlet],Power_Patch[Fixture Number]), "") | H44: =IFERROR(VLOOKUP(E44,ActiveFixtures,2,FALSE),"") | K44: =IF(ISBLANK(C44), "", $D$3&"-"&$C44) -> 5-34
C45: 35 | D45: =B42&".5" -> .5 | E45: =_xlfn.IFNA(_xlfn.XLOOKUP($K45, Power_Patch[Combined Rack Number and Outlet],Power_Patch[Fixture Type]), "") | F45: =_xlfn.IFNA(_xlfn.XLOOKUP($K45, Power_Patch[Combined Rack Number and Outlet],Power_Patch[Fixture Number]), "") | H45: =IFERROR(VLOOKUP(E45,ActiveFixtures,2,FALSE),"") | K45: =IF(ISBLANK(C45), "", $D$3&"-"&$C45) -> 5-35
C46: 36 | D46: =B42&".6" -> .6 | E46: =_xlfn.IFNA(_xlfn.XLOOKUP($K46, Power_Patch[Combined Rack Number and Outlet],Power_Patch[Fixture Type]), "") | F46: =_xlfn.IFNA(_xlfn.XLOOKUP($K46, Power_Patch[Combined Rack Number and Outlet],Power_Patch[Fixture Number]), "") | H46: =IFERROR(VLOOKUP(E46,ActiveFixtures,2,FALSE),"") | K46: =IF(ISBLANK(C46), "", $D$3&"-"&$C46) -> 5-36
K47: =IF(ISBLANK(C47), "", $D$3&"-"&$C47)
B48: Loom ID | C48: 37 | D48: =B49&".1" -> .1 | E48: =_xlfn.IFNA(_xlfn.XLOOKUP($K48, Power_Patch[Combined Rack Number and Outlet],Power_Patch[Fixture Type]), "") | F48: =_xlfn.IFNA(_xlfn.XLOOKUP($K48, Power_Patch[Combined Rack Number and Outlet],Power_Patch[Fixture Number]), "") | G48: =_xlfn.IFNA(_xlfn.XLOOKUP($K48, Power_Patch[Combined Rack Number and Outlet],Power_Patch[Location]), "") | H48: =IFERROR(VLOOKUP(E48,ActiveFixtures,2,FALSE),"") | K48: =IF(ISBLANK(C48), "", $D$3&"-"&$C48) -> 5-37
B49: =_xlfn.IFNA(_xlfn.XLOOKUP($K48, Power_Patch[Combined Rack Number and Outlet],Power_Patch[Multi Name]), "") | C49: 38 | D49: =B49&".2" -> .2 | E49: =_xlfn.IFNA(_xlfn.XLOOKUP($K49, Power_Patch[Combined Rack Number and Outlet],Power_Patch[Fixture Type]), "") | F49: =_xlfn.IFNA(_xlfn.XLOOKUP($K49, Power_Patch[Combined Rack Number and Outlet],Power_Patch[Fixture Number]), "") | H49: =IFERROR(VLOOKUP(E49,ActiveFixtures,2,FALSE),"") | K49: =IF(ISBLANK(C49), "", $D$3&"-"&$C49) -> 5-38
C50: 39 | D50: =B49&".3" -> .3 | E50: =_xlfn.IFNA(_xlfn.XLOOKUP($K50, Power_Patch[Combined Rack Number and Outlet],Power_Patch[Fixture Type]), "") | F50: =_xlfn.IFNA(_xlfn.XLOOKUP($K50, Power_Patch[Combined Rack Number and Outlet],Power_Patch[Fixture Number]), "") | H50: =IFERROR(VLOOKUP(E50,ActiveFixtures,2,FALSE),"") | K50: =IF(ISBLANK(C50), "", $D$3&"-"&$C50) -> 5-39
C51: 40 | D51: =B49&".4" -> .4 | E51: =_xlfn.IFNA(_xlfn.XLOOKUP($K51, Power_Patch[Combined Rack Number and Outlet],Power_Patch[Fixture Type]), "") | F51: =_xlfn.IFNA(_xlfn.XLOOKUP($K51, Power_Patch[Combined Rack Number and Outlet],Power_Patch[Fixture Number]), "") | H51: =IFERROR(VLOOKUP(E51,ActiveFixtures,2,FALSE),"") | K51: =IF(ISBLANK(C51), "", $D$3&"-"&$C51) -> 5-40
C52: 41 | D52: =B49&".5" -> .5 | E52: =_xlfn.IFNA(_xlfn.XLOOKUP($K52, Power_Patch[Combined Rack Number and Outlet],Power_Patch[Fixture Type]), "") | F52: =_xlfn.IFNA(_xlfn.XLOOKUP($K52, Power_Patch[Combined Rack Number and Outlet],Power_Patch[Fixture Number]), "") | H52: =IFERROR(VLOOKUP(E52,ActiveFixtures,2,FALSE),"") | K52: =IF(ISBLANK(C52), "", $D$3&"-"&$C52) -> 5-41
C53: 42 | D53: =B49&".6" -> .6 | E53: =_xlfn.IFNA(_xlfn.XLOOKUP($K53, Power_Patch[Combined Rack Number and Outlet],Power_Patch[Fixture Type]), "") | F53: =_xlfn.IFNA(_xlfn.XLOOKUP($K53, Power_Patch[Combined Rack Number and Outlet],Power_Patch[Fixture Number]), "") | H53: =IFERROR(VLOOKUP(E53,ActiveFixtures,2,FALSE),"") | K53: =IF(ISBLANK(C53), "", $D$3&"-"&$C53) -> 5-42
K54: =IF(ISBLANK(C54), "", $D$3&"-"&$C54)
B55: Loom ID | C55: 43 | D55: =B56&".1" -> .1 | E55: =_xlfn.IFNA(_xlfn.XLOOKUP($K55, Power_Patch[Combined Rack Number and Outlet],Power_Patch[Fixture Type]), "") | F55: =_xlfn.IFNA(_xlfn.XLOOKUP($K55, Power_Patch[Combined Rack Number and Outlet],Power_Patch[Fixture Number]), "") | G55: =_xlfn.IFNA(_xlfn.XLOOKUP($K55, Power_Patch[Combined Rack Number and Outlet],Power_Patch[Location]), "") | H55: =IFERROR(VLOOKUP(E55,ActiveFixtures,2,FALSE),"") | K55: =IF(ISBLANK(C55), "", $D$3&"-"&$C55) -> 5-43
B56: =_xlfn.IFNA(_xlfn.XLOOKUP($K55, Power_Patch[Combined Rack Number and Outlet],Power_Patch[Multi Name]), "") | C56: 44 | D56: =B56&".2" -> .2 | E56: =_xlfn.IFNA(_xlfn.XLOOKUP($K56, Power_Patch[Combined Rack Number and Outlet],Power_Patch[Fixture Type]), "") | F56: =_xlfn.IFNA(_xlfn.XLOOKUP($K56, Power_Patch[Combined Rack Number and Outlet],Power_Patch[Fixture Number]), "") | H56: =IFERROR(VLOOKUP(E56,ActiveFixtures,2,FALSE),"") | K56: =IF(ISBLANK(C56), "", $D$3&"-"&$C56) -> 5-44
C57: 45 | D57: =B56&".3" -> .3 | E57: =_xlfn.IFNA(_xlfn.XLOOKUP($K57, Power_Patch[Combined Rack Number and Outlet],Power_Patch[Fixture Type]), "") | F57: =_xlfn.IFNA(_xlfn.XLOOKUP($K57, Power_Patch[Combined Rack Number and Outlet],Power_Patch[Fixture Number]), "") | H57: =IFERROR(VLOOKUP(E57,ActiveFixtures,2,FALSE),"") | K57: =IF(ISBLANK(C57), "", $D$3&"-"&$C57) -> 5-45
C58: 46 | D58: =B56&".4" -> .4 | E58: =_xlfn.IFNA(_xlfn.XLOOKUP($K58, Power_Patch[Combined Rack Number and Outlet],Power_Patch[Fixture Type]), "") | F58: =_xlfn.IFNA(_xlfn.XLOOKUP($K58, Power_Patch[Combined Rack Number and Outlet],Power_Patch[Fixture Number]), "") | H58: =IFERROR(VLOOKUP(E58,ActiveFixtures,2,FALSE),"") | K58: =IF(ISBLANK(C58), "", $D$3&"-"&$C58) -> 5-46
C59: 47 | D59: =B56&".5" -> .5 | E59: =_xlfn.IFNA(_xlfn.XLOOKUP($K59, Power_Patch[Combined Rack Number and Outlet],Power_Patch[Fixture Type]), "") | F59: =_xlfn.IFNA(_xlfn.XLOOKUP($K59, Power_Patch[Combined Rack Number and Outlet],Power_Patch[Fixture Number]), "") | H59: =IFERROR(VLOOKUP(E59,ActiveFixtures,2,FALSE),"") | K59: =IF(ISBLANK(C59), "", $D$3&"-"&$C59) -> 5-47
C60: 48 | D60: =B56&".6" -> .6 | E60: =_xlfn.IFNA(_xlfn.XLOOKUP($K60, Power_Patch[Combined Rack Number and Outlet],Power_Patch[Fixture Type]), "") | F60: =_xlfn.IFNA(_xlfn.XLOOKUP($K60, Power_Patch[Combined Rack Number and Outlet],Power_Patch[Fixture Number]), "") | H60: =IFERROR(VLOOKUP(E60,ActiveFixtures,2,FALSE),"") | K60: =IF(ISBLANK(C60), "", $D$3&"-"&$C60) -> 5-48
F61: AMPS PER PHASE 1 | H61: =SUM(H6,H9,H13,H16,H20,H23,H27,H30,H34,H37,H41,H44,H48,H51,H55,H58,H69,H72,H76,H79,H83,H86,H90,H93,H97,H100,H104,H107,H111,H114,H118,H121) -> 0 | K61: =IF(ISBLANK(C61), "", $D$3&"-"&$C61)
F62: AMPS PER PHASE 2 | H62: =SUM(H7,H10,H14,H17,H21,H24,H28,H31,H35,H38,H42,H45,H49,H52,H56,H59,H70,H73,H77,H80,H84,H87,H91,H94,H98,H101,H105,H108,H112,H115,H119,H122) -> 0 | K62: =IF(ISBLANK(C62), "", $D$3&"-"&$C62)
F63: AMPS PER PHASE 3 | H63: =SUM(H8,H11,H15,H18,H22,H25,H29,H32,H36,H39,H43,H46,H50,H53,H57,H60,H71,H74,H78,H81,H85,H88,H92,H95,H99,H102,H106,H109,H113,H116,H120,H123) -> 0 | K63: =IF(ISBLANK(C63), "", $D$3&"-"&$C63)
K64: =IF(ISBLANK(C64), "", $D$3&"-"&$C64)
B65: SHOW | D65: =Fixtures!C2 -> Untitled Show | K65: =IF(ISBLANK(C65), "", $D$3&"-"&$C65)
B66: B: RACK# | D66: =D3 -> 5 | K66: =IF(ISBLANK(C66), "", $D$3&"-"&$C66)
K67: =IF(ISBLANK(C67), "", $D$3&"-"&$C67)
C68: CHL | D68: CIRCUT | E68: FIXTURE | F68: FIX. NO. | G68: LOCATION | H68: AMPS | K68: =IF(ISBLANK(C68), "", $D$3&"-"&$C68) -> 5-CHL
B69: Loom ID | C69: 49 | D69: =B70&".1" -> .1 | E69: =_xlfn.IFNA(_xlfn.XLOOKUP($K69, Power_Patch[Combined Rack Number and Outlet],Power_Patch[Fixture Type]), "") | F69: =_xlfn.IFNA(_xlfn.XLOOKUP($K69, Power_Patch[Combined Rack Number and Outlet],Power_Patch[Fixture Number]), "") | G69: =_xlfn.IFNA(_xlfn.XLOOKUP($K69, Power_Patch[Combined Rack Number and Outlet],Power_Patch[Location]), "") | H69: =IFERROR(VLOOKUP(E69,ActiveFixtures,2,FALSE),"") | K69: =IF(ISBLANK(C69), "", $D$3&"-"&$C69) -> 5-49
B70: =_xlfn.IFNA(_xlfn.XLOOKUP($K69, Power_Patch[Combined Rack Number and Outlet],Power_Patch[Multi Name]), "") | C70: 50 | D70: =B70&".2" -> .2 | E70: =_xlfn.IFNA(_xlfn.XLOOKUP($K70, Power_Patch[Combined Rack Number and Outlet],Power_Patch[Fixture Type]), "") | F70: =_xlfn.IFNA(_xlfn.XLOOKUP($K70, Power_Patch[Combined Rack Number and Outlet],Power_Patch[Fixture Number]), "") | H70: =IFERROR(VLOOKUP(E70,ActiveFixtures,2,FALSE),"") | K70: =IF(ISBLANK(C70), "", $D$3&"-"&$C70) -> 5-50
C71: 51 | D71: =B70&".3" -> .3 | E71: =_xlfn.IFNA(_xlfn.XLOOKUP($K71, Power_Patch[Combined Rack Number and Outlet],Power_Patch[Fixture Type]), "") | F71: =_xlfn.IFNA(_xlfn.XLOOKUP($K71, Power_Patch[Combined Rack Number and Outlet],Power_Patch[Fixture Number]), "") | H71: =IFERROR(VLOOKUP(E71,ActiveFixtures,2,FALSE),"") | K71: =IF(ISBLANK(C71), "", $D$3&"-"&$C71) -> 5-51
C72: 52 | D72: =B70&".4" -> .4 | E72: =_xlfn.IFNA(_xlfn.XLOOKUP($K72, Power_Patch[Combined Rack Number and Outlet],Power_Patch[Fixture Type]), "") | F72: =_xlfn.IFNA(_xlfn.XLOOKUP($K72, Power_Patch[Combined Rack Number and Outlet],Power_Patch[Fixture Number]), "") | H72: =IFERROR(VLOOKUP(E72,ActiveFixtures,2,FALSE),"") | K72: =IF(ISBLANK(C72), "", $D$3&"-"&$C72) -> 5-52
C73: 53 | D73: =B70&".5" -> .5 | E73: =_xlfn.IFNA(_xlfn.XLOOKUP($K73, Power_Patch[Combined Rack Number and Outlet],Power_Patch[Fixture Type]), "") | F73: =_xlfn.IFNA(_xlfn.XLOOKUP($K73, Power_Patch[Combined Rack Number and Outlet],Power_Patch[Fixture Number]), "") | H73: =IFERROR(VLOOKUP(E73,ActiveFixtures,2,FALSE),"") | K73: =IF(ISBLANK(C73), "", $D$3&"-"&$C73) -> 5-53
C74: 54 | D74: =B70&".6" -> .6 | E74: =_xlfn.IFNA(_xlfn.XLOOKUP($K74, Power_Patch[Combined Rack Number and Outlet],Power_Patch[Fixture Type]), "") | F74: =_xlfn.IFNA(_xlfn.XLOOKUP($K74, Power_Patch[Combined Rack Number and Outlet],Power_Patch[Fixture Number]), "") | H74: =IFERROR(VLOOKUP(E74,ActiveFixtures,2,FALSE),"") | K74: =IF(ISBLANK(C74), "", $D$3&"-"&$C74) -> 5-54
K75: =IF(ISBLANK(C75), "", $D$3&"-"&$C75)
B76: Loom ID | C76: 55 | D76: =B77&".1" -> .1 | E76: =_xlfn.IFNA(_xlfn.XLOOKUP($K76, Power_Patch[Combined Rack Number and Outlet],Power_Patch[Fixture Type]), "") | F76: =_xlfn.IFNA(_xlfn.XLOOKUP($K76, Power_Patch[Combined Rack Number and Outlet],Power_Patch[Fixture Number]), "") | G76: =_xlfn.IFNA(_xlfn.XLOOKUP($K76, Power_Patch[Combined Rack Number and Outlet],Power_Patch[Location]), "") | H76: =IFERROR(VLOOKUP(E76,ActiveFixtures,2,FALSE),"") | K76: =IF(ISBLANK(C76), "", $D$3&"-"&$C76) -> 5-55
B77: =_xlfn.IFNA(_xlfn.XLOOKUP($K76, Power_Patch[Combined Rack Number and Outlet],Power_Patch[Multi Name]), "") | C77: 56 | D77: =B77&".2" -> .2 | E77: =_xlfn.IFNA(_xlfn.XLOOKUP($K77, Power_Patch[Combined Rack Number and Outlet],Power_Patch[Fixture Type]), "") | F77: =_xlfn.IFNA(_xlfn.XLOOKUP($K77, Power_Patch[Combined Rack Number and Outlet],Power_Patch[Fixture Number]), "") | H77: =IFERROR(VLOOKUP(E77,ActiveFixtures,2,FALSE),"") | K77: =IF(ISBLANK(C77), "", $D$3&"-"&$C77) -> 5-56
C78: 57 | D78: =B77&".3" -> .3 | E78: =_xlfn.IFNA(_xlfn.XLOOKUP($K78, Power_Patch[Combined Rack Number and Outlet],Power_Patch[Fixture Type]), "") | F78: =_xlfn.IFNA(_xlfn.XLOOKUP($K78, Power_Patch[Combined Rack Number and Outlet],Power_Patch[Fixture Number]), "") | H78: =IFERROR(VLOOKUP(E78,ActiveFixtures,2,FALSE),"") | K78: =IF(ISBLANK(C78), "", $D$3&"-"&$C78) -> 5-57
C79: 58 | D79: =B77&".4" -> .4 | E79: =_xlfn.IFNA(_xlfn.XLOOKUP($K79, Power_Patch[Combined Rack Number and Outlet],Power_Patch[Fixture Type]), "") | F79: =_xlfn.IFNA(_xlfn.XLOOKUP($K79, Power_Patch[Combined Rack Number and Outlet],Power_Patch[Fixture Number]), "") | H79: =IFERROR(VLOOKUP(E79,ActiveFixtures,2,FALSE),"") | K79: =IF(ISBLANK(C79), "", $D$3&"-"&$C79) -> 5-58
C80: 59 | D80: =B77&".5" -> .5 | E80: =_xlfn.IFNA(_xlfn.XLOOKUP($K80, Power_Patch[Combined Rack Number and Outlet],Power_Patch[Fixture Type]), "") | F80: =_xlfn.IFNA(_xlfn.XLOOKUP($K80, Power_Patch[Combined Rack Number and Outlet],Power_Patch[Fixture Number]), "") | H80: =IFERROR(VLOOKUP(E80,ActiveFixtures,2,FALSE),"") | K80: =IF(ISBLANK(C80), "", $D$3&"-"&$C80) -> 5-59
C81: 60 | D81: =B77&".6" -> .6 | E81: =_xlfn.IFNA(_xlfn.XLOOKUP($K81, Power_Patch[Combined Rack Number and Outlet],Power_Patch[Fixture Type]), "") | F81: =_xlfn.IFNA(_xlfn.XLOOKUP($K81, Power_Patch[Combined Rack Number and Outlet],Power_Patch[Fixture Number]), "") | H81: =IFERROR(VLOOKUP(E81,ActiveFixtures,2,FALSE),"") | K81: =IF(ISBLANK(C81), "", $D$3&"-"&$C81) -> 5-60
K82: =IF(ISBLANK(C82), "", $D$3&"-"&$C82)
B83: Loom ID | C83: 61 | D83: =B84&".1" -> .1 | E83: =_xlfn.IFNA(_xlfn.XLOOKUP($K83, Power_Patch[Combined Rack Number and Outlet],Power_Patch[Fixture Type]), "") | F83: =_xlfn.IFNA(_xlfn.XLOOKUP($K83, Power_Patch[Combined Rack Number and Outlet],Power_Patch[Fixture Number]), "") | G83: =_xlfn.IFNA(_xlfn.XLOOKUP($K83, Power_Patch[Combined Rack Number and Outlet],Power_Patch[Location]), "") | H83: =IFERROR(VLOOKUP(E83,ActiveFixtures,2,FALSE),"") | K83: =IF(ISBLANK(C83), "", $D$3&"-"&$C83) -> 5-61
B84: =_xlfn.IFNA(_xlfn.XLOOKUP($K83, Power_Patch[Combined Rack Number and Outlet],Power_Patch[Multi Name]), "") | C84: 62 | D84: =B84&".2" -> .2 | E84: =_xlfn.IFNA(_xlfn.XLOOKUP($K84, Power_Patch[Combined Rack Number and Outlet],Power_Patch[Fixture Type]), "") | F84: =_xlfn.IFNA(_xlfn.XLOOKUP($K84, Power_Patch[Combined Rack Number and Outlet],Power_Patch[Fixture Number]), "") | H84: =IFERROR(VLOOKUP(E84,ActiveFixtures,2,FALSE),"") | K84: =IF(ISBLANK(C84), "", $D$3&"-"&$C84) -> 5-62
C85: 63 | D85: =B84&".3" -> .3 | E85: =_xlfn.IFNA(_xlfn.XLOOKUP($K85, Power_Patch[Combined Rack Number and Outlet],Power_Patch[Fixture Type]), "") | F85: =_xlfn.IFNA(_xlfn.XLOOKUP($K85, Power_Patch[Combined Rack Number and Outlet],Power_Patch[Fixture Number]), "") | H85: =IFERROR(VLOOKUP(E85,ActiveFixtures,2,FALSE),"") | K85: =IF(ISBLANK(C85), "", $D$3&"-"&$C85) -> 5-63
C86: 64 | D86: =B84&".4" -> .4 | E86: =_xlfn.IFNA(_xlfn.XLOOKUP($K86, Power_Patch[Combined Rack Number and Outlet],Power_Patch[Fixture Type]), "") | F86: =_xlfn.IFNA(_xlfn.XLOOKUP($K86, Power_Patch[Combined Rack Number and Outlet],Power_Patch[Fixture Number]), "") | H86: =IFERROR(VLOOKUP(E86,ActiveFixtures,2,FALSE),"") | K86: =IF(ISBLANK(C86), "", $D$3&"-"&$C86) -> 5-64
C87: 65 | D87: =B84&".5" -> .5 | E87: =_xlfn.IFNA(_xlfn.XLOOKUP($K87, Power_Patch[Combined Rack Number and Outlet],Power_Patch[Fixture Type]), "") | F87: =_xlfn.IFNA(_xlfn.XLOOKUP($K87, Power_Patch[Combined Rack Number and Outlet],Power_Patch[Fixture Number]), "") | H87: =IFERROR(VLOOKUP(E87,ActiveFixtures,2,FALSE),"") | K87: =IF(ISBLANK(C87), "", $D$3&"-"&$C87) -> 5-65
C88: 66 | D88: =B84&".6" -> .6 | E88: =_xlfn.IFNA(_xlfn.XLOOKUP($K88, Power_Patch[Combined Rack Number and Outlet],Power_Patch[Fixture Type]), "") | F88: =_xlfn.IFNA(_xlfn.XLOOKUP($K88, Power_Patch[Combined Rack Number and Outlet],Power_Patch[Fixture Number]), "") | H88: =IFERROR(VLOOKUP(E88,ActiveFixtures,2,FALSE),"") | K88: =IF(ISBLANK(C88), "", $D$3&"-"&$C88) -> 5-66
K89: =IF(ISBLANK(C89), "", $D$3&"-"&$C89)
B90: Loom ID | C90: 67 | D90: =B91&".1" -> .1 | E90: =_xlfn.IFNA(_xlfn.XLOOKUP($K90, Power_Patch[Combined Rack Number and Outlet],Power_Patch[Fixture Type]), "") | F90: =_xlfn.IFNA(_xlfn.XLOOKUP($K90, Power_Patch[Combined Rack Number and Outlet],Power_Patch[Fixture Number]), "") | G90: =_xlfn.IFNA(_xlfn.XLOOKUP($K90, Power_Patch[Combined Rack Number and Outlet],Power_Patch[Location]), "") | H90: =IFERROR(VLOOKUP(E90,ActiveFixtures,2,FALSE),"") | K90: =IF(ISBLANK(C90), "", $D$3&"-"&$C90) -> 5-67
B91: =_xlfn.IFNA(_xlfn.XLOOKUP($K90, Power_Patch[Combined Rack Number and Outlet],Power_Patch[Multi Name]), "") | C91: 68 | D91: =B91&".2" -> .2 | E91: =_xlfn.IFNA(_xlfn.XLOOKUP($K91, Power_Patch[Combined Rack Number and Outlet],Power_Patch[Fixture Type]), "") | F91: =_xlfn.IFNA(_xlfn.XLOOKUP($K91, Power_Patch[Combined Rack Number and Outlet],Power_Patch[Fixture Number]), "") | H91: =IFERROR(VLOOKUP(E91,ActiveFixtures,2,FALSE),"") | K91: =IF(ISBLANK(C91), "", $D$3&"-"&$C91) -> 5-68
C92: 69 | D92: =B91&".3" -> .3 | E92: =_xlfn.IFNA(_xlfn.XLOOKUP($K92, Power_Patch[Combined Rack Number and Outlet],Power_Patch[Fixture Type]), "") | F92: =_xlfn.IFNA(_xlfn.XLOOKUP($K92, Power_Patch[Combined Rack Number and Outlet],Power_Patch[Fixture Number]), "") | H92: =IFERROR(VLOOKUP(E92,ActiveFixtures,2,FALSE),"") | K92: =IF(ISBLANK(C92), "", $D$3&"-"&$C92) -> 5-69
C93: 70 | D93: =B91&".4" -> .4 | E93: =_xlfn.IFNA(_xlfn.XLOOKUP($K93, Power_Patch[Combined Rack Number and Outlet],Power_Patch[Fixture Type]), "") | F93: =_xlfn.IFNA(_xlfn.XLOOKUP($K93, Power_Patch[Combined Rack Number and Outlet],Power_Patch[Fixture Number]), "") | H93: =IFERROR(VLOOKUP(E93,ActiveFixtures,2,FALSE),"") | K93: =IF(ISBLANK(C93), "", $D$3&"-"&$C93) -> 5-70
C94: 71 | D94: =B91&".5" -> .5 | E94: =_xlfn.IFNA(_xlfn.XLOOKUP($K94, Power_Patch[Combined Rack Number and Outlet],Power_Patch[Fixture Type]), "") | F94: =_xlfn.IFNA(_xlfn.XLOOKUP($K94, Power_Patch[Combined Rack Number and Outlet],Power_Patch[Fixture Number]), "") | H94: =IFERROR(VLOOKUP(E94,ActiveFixtures,2,FALSE),"") | K94: =IF(ISBLANK(C94), "", $D$3&"-"&$C94) -> 5-71
C95: 72 | D95: =B91&".6" -> .6 | E95: =_xlfn.IFNA(_xlfn.XLOOKUP($K95, Power_Patch[Combined Rack Number and Outlet],Power_Patch[Fixture Type]), "") | F95: =_xlfn.IFNA(_xlfn.XLOOKUP($K95, Power_Patch[Combined Rack Number and Outlet],Power_Patch[Fixture Number]), "") | H95: =IFERROR(VLOOKUP(E95,ActiveFixtures,2,FALSE),"") | K95: =IF(ISBLANK(C95), "", $D$3&"-"&$C95) -> 5-72
K96: =IF(ISBLANK(C96), "", $D$3&"-"&$C96)
B97: Loom ID | C97: 73 | D97: =B98&".1" -> .1 | E97: =_xlfn.IFNA(_xlfn.XLOOKUP($K97, Power_Patch[Combined Rack Number and Outlet],Power_Patch[Fixture Type]), "") | F97: =_xlfn.IFNA(_xlfn.XLOOKUP($K97, Power_Patch[Combined Rack Number and Outlet],Power_Patch[Fixture Number]), "") | G97: =_xlfn.IFNA(_xlfn.XLOOKUP($K97, Power_Patch[Combined Rack Number and Outlet],Power_Patch[Location]), "") | H97: =IFERROR(VLOOKUP(E97,ActiveFixtures,2,FALSE),"") | K97: =IF(ISBLANK(C97), "", $D$3&"-"&$C97) -> 5-73
B98: =_xlfn.IFNA(_xlfn.XLOOKUP($K97, Power_Patch[Combined Rack Number and Outlet],Power_Patch[Multi Name]), "") | C98: 74 | D98: =B98&".2" -> .2 | E98: =_xlfn.IFNA(_xlfn.XLOOKUP($K98, Power_Patch[Combined Rack Number and Outlet],Power_Patch[Fixture Type]), "") | F98: =_xlfn.IFNA(_xlfn.XLOOKUP($K98, Power_Patch[Combined Rack Number and Outlet],Power_Patch[Fixture Number]), "") | H98: =IFERROR(VLOOKUP(E98,ActiveFixtures,2,FALSE),"") | K98: =IF(ISBLANK(C98), "", $D$3&"-"&$C98) -> 5-74
C99: 75 | D99: =B98&".3" -> .3 | E99: =_xlfn.IFNA(_xlfn.XLOOKUP($K99, Power_Patch[Combined Rack Number and Outlet],Power_Patch[Fixture Type]), "") | F99: =_xlfn.IFNA(_xlfn.XLOOKUP($K99, Power_Patch[Combined Rack Number and Outlet],Power_Patch[Fixture Number]), "") | H99: =IFERROR(VLOOKUP(E99,ActiveFixtures,2,FALSE),"") | K99: =IF(ISBLANK(C99), "", $D$3&"-"&$C99) -> 5-75
C100: 76 | D100: =B98&".4" -> .4 | E100: =_xlfn.IFNA(_xlfn.XLOOKUP($K100, Power_Patch[Combined Rack Number and Outlet],Power_Patch[Fixture Type]), "") | F100: =_xlfn.IFNA(_xlfn.XLOOKUP($K100, Power_Patch[Combined Rack Number and Outlet],Power_Patch[Fixture Number]), "") | H100: =IFERROR(VLOOKUP(E100,ActiveFixtures,2,FALSE),"") | K100: =IF(ISBLANK(C100), "", $D$3&"-"&$C100) -> 5-76
C101: 77 | D101: =B98&".5" -> .5 | E101: =_xlfn.IFNA(_xlfn.XLOOKUP($K101, Power_Patch[Combined Rack Number and Outlet],Power_Patch[Fixture Type]), "") | F101: =_xlfn.IFNA(_xlfn.XLOOKUP($K101, Power_Patch[Combined Rack Number and Outlet],Power_Patch[Fixture Number]), "") | H101: =IFERROR(VLOOKUP(E101,ActiveFixtures,2,FALSE),"") | K101: =IF(ISBLANK(C101), "", $D$3&"-"&$C101) -> 5-77
...

Sheet Rack 6
B2: SHOW | D2: =Fixtures!C2 -> Untitled Show
B3: RACK# | D3: 6
B4: NAME / TYPE | D4: =_xlfn.IFNA(_xlfn.XLOOKUP($D$3, Power_Patch[Rack Number],Power_Patch[Rack Name]), "") | F4: =_xlfn.IFNA(_xlfn.XLOOKUP($D$3, Power_Patch[Rack Number],Power_Patch[Rack Type]), "")
C5: CHL | D5: CIRCUT | E5: FIXTURE | F5: FIX. NO. | G5: LOCATION | H5: AMPS | K5: Lookup Value
B6: Loom ID | C6: 1 | D6: =B7&".1" -> .1 | E6: =_xlfn.IFNA(_xlfn.XLOOKUP($K6, Power_Patch[Combined Rack Number and Outlet],Power_Patch[Fixture Type]), "") | F6: =_xlfn.IFNA(_xlfn.XLOOKUP($K6, Power_Patch[Combined Rack Number and Outlet],Power_Patch[Fixture Number]), "") | G6: =_xlfn.IFNA(_xlfn.XLOOKUP($K6, Power_Patch[Combined Rack Number and Outlet],Power_Patch[Location]), "") | H6: =IFERROR(VLOOKUP(E6,ActiveFixtures,2,FALSE),"") | K6: =IF(ISBLANK(C6), "", $D$3&"-"&$C6) -> 6-1
B7: =_xlfn.IFNA(_xlfn.XLOOKUP($K6, Power_Patch[Combined Rack Number and Outlet],Power_Patch[Multi Name]), "") | C7: 2 | D7: =B7&".2" -> .2 | E7: =_xlfn.IFNA(_xlfn.XLOOKUP($K7, Power_Patch[Combined Rack Number and Outlet],Power_Patch[Fixture Type]), "") | F7: =_xlfn.IFNA(_xlfn.XLOOKUP($K7, Power_Patch[Combined Rack Number and Outlet],Power_Patch[Fixture Number]), "") | H7: =IFERROR(VLOOKUP(E7,ActiveFixtures,2,FALSE),"") | K7: =IF(ISBLANK(C7), "", $D$3&"-"&$C7) -> 6-2
C8: 3 | D8: =B7&".3" -> .3 | E8: =_xlfn.IFNA(_xlfn.XLOOKUP($K8, Power_Patch[Combined Rack Number and Outlet],Power_Patch[Fixture Type]), "") | F8: =_xlfn.IFNA(_xlfn.XLOOKUP($K8, Power_Patch[Combined Rack Number and Outlet],Power_Patch[Fixture Number]), "") | H8: =IFERROR(VLOOKUP(E8,ActiveFixtures,2,FALSE),"") | K8: =IF(ISBLANK(C8), "", $D$3&"-"&$C8) -> 6-3
C9: 4 | D9: =B7&".4" -> .4 | E9: =_xlfn.IFNA(_xlfn.XLOOKUP($K9, Power_Patch[Combined Rack Number and Outlet],Power_Patch[Fixture Type]), "") | F9: =_xlfn.IFNA(_xlfn.XLOOKUP($K9, Power_Patch[Combined Rack Number and Outlet],Power_Patch[Fixture Number]), "") | H9: =IFERROR(VLOOKUP(E9,ActiveFixtures,2,FALSE),"") | K9: =IF(ISBLANK(C9), "", $D$3&"-"&$C9) -> 6-4
C10: 5 | D10: =B7&".5" -> .5 | E10: =_xlfn.IFNA(_xlfn.XLOOKUP($K10, Power_Patch[Combined Rack Number and Outlet],Power_Patch[Fixture Type]), "") | F10: =_xlfn.IFNA(_xlfn.XLOOKUP($K10, Power_Patch[Combined Rack Number and Outlet],Power_Patch[Fixture Number]), "") | H10: =IFERROR(VLOOKUP(E10,ActiveFixtures,2,FALSE),"") | K10: =IF(ISBLANK(C10), "", $D$3&"-"&$C10) -> 6-5
C11: 6 | D11: =B7&".6" -> .6 | E11: =_xlfn.IFNA(_xlfn.XLOOKUP($K11, Power_Patch[Combined Rack Number and Outlet],Power_Patch[Fixture Type]), "") | F11: =_xlfn.IFNA(_xlfn.XLOOKUP($K11, Power_Patch[Combined Rack Number and Outlet],Power_Patch[Fixture Number]), "") | H11: =IFERROR(VLOOKUP(E11,ActiveFixtures,2,FALSE),"") | K11: =IF(ISBLANK(C11), "", $D$3&"-"&$C11) -> 6-6
K12: =IF(ISBLANK(C12), "", $D$3&"-"&$C12)
B13: Loom ID | C13: 7 | D13: =B14&".1" -> .1 | E13: =_xlfn.IFNA(_xlfn.XLOOKUP($K13, Power_Patch[Combined Rack Number and Outlet],Power_Patch[Fixture Type]), "") | F13: =_xlfn.IFNA(_xlfn.XLOOKUP($K13, Power_Patch[Combined Rack Number and Outlet],Power_Patch[Fixture Number]), "") | G13: =_xlfn.IFNA(_xlfn.XLOOKUP($K13, Power_Patch[Combined Rack Number and Outlet],Power_Patch[Location]), "") | H13: =IFERROR(VLOOKUP(E13,ActiveFixtures,2,FALSE),"") | K13: =IF(ISBLANK(C13), "", $D$3&"-"&$C13) -> 6-7
B14: =_xlfn.IFNA(_xlfn.XLOOKUP($K13, Power_Patch[Combined Rack Number and Outlet],Power_Patch[Multi Name]), "") | C14: 8 | D14: =B14&".2" -> .2 | E14: =_xlfn.IFNA(_xlfn.XLOOKUP($K14, Power_Patch[Combined Rack Number and Outlet],Power_Patch[Fixture Type]), "") | F14: =_xlfn.IFNA(_xlfn.XLOOKUP($K14, Power_Patch[Combined Rack Number and Outlet],Power_Patch[Fixture Number]), "") | H14: =IFERROR(VLOOKUP(E14,ActiveFixtures,2,FALSE),"") | K14: =IF(ISBLANK(C14), "", $D$3&"-"&$C14) -> 6-8
C15: 9 | D15: =B14&".3" -> .3 | E15: =_xlfn.IFNA(_xlfn.XLOOKUP($K15, Power_Patch[Combined Rack Number and Outlet],Power_Patch[Fixture Type]), "") | F15: =_xlfn.IFNA(_xlfn.XLOOKUP($K15, Power_Patch[Combined Rack Number and Outlet],Power_Patch[Fixture Number]), "") | H15: =IFERROR(VLOOKUP(E15,ActiveFixtures,2,FALSE),"") | K15: =IF(ISBLANK(C15), "", $D$3&"-"&$C15) -> 6-9
C16: 10 | D16: =B14&".4" -> .4 | E16: =_xlfn.IFNA(_xlfn.XLOOKUP($K16, Power_Patch[Combined Rack Number and Outlet],Power_Patch[Fixture Type]), "") | F16: =_xlfn.IFNA(_xlfn.XLOOKUP($K16, Power_Patch[Combined Rack Number and Outlet],Power_Patch[Fixture Number]), "") | H16: =IFERROR(VLOOKUP(E16,ActiveFixtures,2,FALSE),"") | K16: =IF(ISBLANK(C16), "", $D$3&"-"&$C16) -> 6-10
C17: 11 | D17: =B14&".5" -> .5 | E17: =_xlfn.IFNA(_xlfn.XLOOKUP($K17, Power_Patch[Combined Rack Number and Outlet],Power_Patch[Fixture Type]), "") | F17: =_xlfn.IFNA(_xlfn.XLOOKUP($K17, Power_Patch[Combined Rack Number and Outlet],Power_Patch[Fixture Number]), "") | H17: =IFERROR(VLOOKUP(E17,ActiveFixtures,2,FALSE),"") | K17: =IF(ISBLANK(C17), "", $D$3&"-"&$C17) -> 6-11
C18: 12 | D18: =B14&".6" -> .6 | E18: =_xlfn.IFNA(_xlfn.XLOOKUP($K18, Power_Patch[Combined Rack Number and Outlet],Power_Patch[Fixture Type]), "") | F18: =_xlfn.IFNA(_xlfn.XLOOKUP($K18, Power_Patch[Combined Rack Number and Outlet],Power_Patch[Fixture Number]), "") | H18: =IFERROR(VLOOKUP(E18,ActiveFixtures,2,FALSE),"") | K18: =IF(ISBLANK(C18), "", $D$3&"-"&$C18) -> 6-12
K19: =IF(ISBLANK(C19), "", $D$3&"-"&$C19)
B20: Loom ID | C20: 13 | D20: =B21&".1" -> .1 | E20: =_xlfn.IFNA(_xlfn.XLOOKUP($K20, Power_Patch[Combined Rack Number and Outlet],Power_Patch[Fixture Type]), "") | F20: =_xlfn.IFNA(_xlfn.XLOOKUP($K20, Power_Patch[Combined Rack Number and Outlet],Power_Patch[Fixture Number]), "") | G20: =_xlfn.IFNA(_xlfn.XLOOKUP($K20, Power_Patch[Combined Rack Number and Outlet],Power_Patch[Location]), "") | H20: =IFERROR(VLOOKUP(E20,ActiveFixtures,2,FALSE),"") | K20: =IF(ISBLANK(C20), "", $D$3&"-"&$C20) -> 6-13
B21: =_xlfn.IFNA(_xlfn.XLOOKUP($K20, Power_Patch[Combined Rack Number and Outlet],Power_Patch[Multi Name]), "") | C21: 14 | D21: =B21&".2" -> .2 | E21: =_xlfn.IFNA(_xlfn.XLOOKUP($K21, Power_Patch[Combined Rack Number and Outlet],Power_Patch[Fixture Type]), "") | F21: =_xlfn.IFNA(_xlfn.XLOOKUP($K21, Power_Patch[Combined Rack Number and Outlet],Power_Patch[Fixture Number]), "") | H21: =IFERROR(VLOOKUP(E21,ActiveFixtures,2,FALSE),"") | K21: =IF(ISBLANK(C21), "", $D$3&"-"&$C21) -> 6-14
C22: 15 | D22: =B21&".3" -> .3 | E22: =_xlfn.IFNA(_xlfn.XLOOKUP($K22, Power_Patch[Combined Rack Number and Outlet],Power_Patch[Fixture Type]), "") | F22: =_xlfn.IFNA(_xlfn.XLOOKUP($K22, Power_Patch[Combined Rack Number and Outlet],Power_Patch[Fixture Number]), "") | H22: =IFERROR(VLOOKUP(E22,ActiveFixtures,2,FALSE),"") | K22: =IF(ISBLANK(C22), "", $D$3&"-"&$C22) -> 6-15
C23: 16 | D23: =B21&".4" -> .4 | E23: =_xlfn.IFNA(_xlfn.XLOOKUP($K23, Power_Patch[Combined Rack Number and Outlet],Power_Patch[Fixture Type]), "") | F23: =_xlfn.IFNA(_xlfn.XLOOKUP($K23, Power_Patch[Combined Rack Number and Outlet],Power_Patch[Fixture Number]), "") | H23: =IFERROR(VLOOKUP(E23,ActiveFixtures,2,FALSE),"") | K23: =IF(ISBLANK(C23), "", $D$3&"-"&$C23) -> 6-16
C24: 17 | D24: =B21&".5" -> .5 | E24: =_xlfn.IFNA(_xlfn.XLOOKUP($K24, Power_Patch[Combined Rack Number and Outlet],Power_Patch[Fixture Type]), "") | F24: =_xlfn.IFNA(_xlfn.XLOOKUP($K24, Power_Patch[Combined Rack Number and Outlet],Power_Patch[Fixture Number]), "") | H24: =IFERROR(VLOOKUP(E24,ActiveFixtures,2,FALSE),"") | K24: =IF(ISBLANK(C24), "", $D$3&"-"&$C24) -> 6-17
C25: 18 | D25: =B21&".6" -> .6 | E25: =_xlfn.IFNA(_xlfn.XLOOKUP($K25, Power_Patch[Combined Rack Number and Outlet],Power_Patch[Fixture Type]), "") | F25: =_xlfn.IFNA(_xlfn.XLOOKUP($K25, Power_Patch[Combined Rack Number and Outlet],Power_Patch[Fixture Number]), "") | H25: =IFERROR(VLOOKUP(E25,ActiveFixtures,2,FALSE),"") | K25: =IF(ISBLANK(C25), "", $D$3&"-"&$C25) -> 6-18
K26: =IF(ISBLANK(C26), "", $D$3&"-"&$C26)
B27: Loom ID | C27: 19 | D27: =B28&".1" -> .1 | E27: =_xlfn.IFNA(_xlfn.XLOOKUP($K27, Power_Patch[Combined Rack Number and Outlet],Power_Patch[Fixture Type]), "") | F27: =_xlfn.IFNA(_xlfn.XLOOKUP($K27, Power_Patch[Combined Rack Number and Outlet],Power_Patch[Fixture Number]), "") | G27: =_xlfn.IFNA(_xlfn.XLOOKUP($K27, Power_Patch[Combined Rack Number and Outlet],Power_Patch[Location]), "") | H27: =IFERROR(VLOOKUP(E27,ActiveFixtures,2,FALSE),"") | K27: =IF(ISBLANK(C27), "", $D$3&"-"&$C27) -> 6-19
B28: =_xlfn.IFNA(_xlfn.XLOOKUP($K27, Power_Patch[Combined Rack Number and Outlet],Power_Patch[Multi Name]), "") | C28: 20 | D28: =B28&".2" -> .2 | E28: =_xlfn.IFNA(_xlfn.XLOOKUP($K28, Power_Patch[Combined Rack Number and Outlet],Power_Patch[Fixture Type]), "") | F28: =_xlfn.IFNA(_xlfn.XLOOKUP($K28, Power_Patch[Combined Rack Number and Outlet],Power_Patch[Fixture Number]), "") | H28: =IFERROR(VLOOKUP(E28,ActiveFixtures,2,FALSE),"") | K28: =IF(ISBLANK(C28), "", $D$3&"-"&$C28) -> 6-20
C29: 21 | D29: =B28&".3" -> .3 | E29: =_xlfn.IFNA(_xlfn.XLOOKUP($K29, Power_Patch[Combined Rack Number and Outlet],Power_Patch[Fixture Type]), "") | F29: =_xlfn.IFNA(_xlfn.XLOOKUP($K29, Power_Patch[Combined Rack Number and Outlet],Power_Patch[Fixture Number]), "") | H29: =IFERROR(VLOOKUP(E29,ActiveFixtures,2,FALSE),"") | K29: =IF(ISBLANK(C29), "", $D$3&"-"&$C29) -> 6-21
C30: 22 | D30: =B28&".4" -> .4 | E30: =_xlfn.IFNA(_xlfn.XLOOKUP($K30, Power_Patch[Combined Rack Number and Outlet],Power_Patch[Fixture Type]), "") | F30: =_xlfn.IFNA(_xlfn.XLOOKUP($K30, Power_Patch[Combined Rack Number and Outlet],Power_Patch[Fixture Number]), "") | H30: =IFERROR(VLOOKUP(E30,ActiveFixtures,2,FALSE),"") | K30: =IF(ISBLANK(C30), "", $D$3&"-"&$C30) -> 6-22
C31: 23 | D31: =B28&".5" -> .5 | E31: =_xlfn.IFNA(_xlfn.XLOOKUP($K31, Power_Patch[Combined Rack Number and Outlet],Power_Patch[Fixture Type]), "") | F31: =_xlfn.IFNA(_xlfn.XLOOKUP($K31, Power_Patch[Combined Rack Number and Outlet],Power_Patch[Fixture Number]), "") | H31: =IFERROR(VLOOKUP(E31,ActiveFixtures,2,FALSE),"") | K31: =IF(ISBLANK(C31), "", $D$3&"-"&$C31) -> 6-23
C32: 24 | D32: =B28&".6" -> .6 | E32: =_xlfn.IFNA(_xlfn.XLOOKUP($K32, Power_Patch[Combined Rack Number and Outlet],Power_Patch[Fixture Type]), "") | F32: =_xlfn.IFNA(_xlfn.XLOOKUP($K32, Power_Patch[Combined Rack Number and Outlet],Power_Patch[Fixture Number]), "") | H32: =IFERROR(VLOOKUP(E32,ActiveFixtures,2,FALSE),"") | K32: =IF(ISBLANK(C32), "", $D$3&"-"&$C32) -> 6-24
K33: =IF(ISBLANK(C33), "", $D$3&"-"&$C33)
B34: Loom ID | C34: 25 | D34: =B35&".1" -> .1 | E34: =_xlfn.IFNA(_xlfn.XLOOKUP($K34, Power_Patch[Combined Rack Number and Outlet],Power_Patch[Fixture Type]), "") | F34: =_xlfn.IFNA(_xlfn.XLOOKUP($K34, Power_Patch[Combined Rack Number and Outlet],Power_Patch[Fixture Number]), "") | G34: =_xlfn.IFNA(_xlfn.XLOOKUP($K34, Power_Patch[Combined Rack Number and Outlet],Power_Patch[Location]), "") | H34: =IFERROR(VLOOKUP(E34,ActiveFixtures,2,FALSE),"") | K34: =IF(ISBLANK(C34), "", $D$3&"-"&$C34) -> 6-25
B35: =_xlfn.IFNA(_xlfn.XLOOKUP($K34, Power_Patch[Combined Rack Number and Outlet],Power_Patch[Multi Name]), "") | C35: 26 | D35: =B35&".2" -> .2 | E35: =_xlfn.IFNA(_xlfn.XLOOKUP($K35, Power_Patch[Combined Rack Number and Outlet],Power_Patch[Fixture Type]), "") | F35: =_xlfn.IFNA(_xlfn.XLOOKUP($K35, Power_Patch[Combined Rack Number and Outlet],Power_Patch[Fixture Number]), "") | H35: =IFERROR(VLOOKUP(E35,ActiveFixtures,2,FALSE),"") | K35: =IF(ISBLANK(C35), "", $D$3&"-"&$C35) -> 6-26
C36: 27 | D36: =B35&".3" -> .3 | E36: =_xlfn.IFNA(_xlfn.XLOOKUP($K36, Power_Patch[Combined Rack Number and Outlet],Power_Patch[Fixture Type]), "") | F36: =_xlfn.IFNA(_xlfn.XLOOKUP($K36, Power_Patch[Combined Rack Number and Outlet],Power_Patch[Fixture Number]), "") | H36: =IFERROR(VLOOKUP(E36,ActiveFixtures,2,FALSE),"") | K36: =IF(ISBLANK(C36), "", $D$3&"-"&$C36) -> 6-27
C37: 28 | D37: =B35&".4" -> .4 | E37: =_xlfn.IFNA(_xlfn.XLOOKUP($K37, Power_Patch[Combined Rack Number and Outlet],Power_Patch[Fixture Type]), "") | F37: =_xlfn.IFNA(_xlfn.XLOOKUP($K37, Power_Patch[Combined Rack Number and Outlet],Power_Patch[Fixture Number]), "") | H37: =IFERROR(VLOOKUP(E37,ActiveFixtures,2,FALSE),"") | K37: =IF(ISBLANK(C37), "", $D$3&"-"&$C37) -> 6-28
C38: 29 | D38: =B35&".5" -> .5 | E38: =_xlfn.IFNA(_xlfn.XLOOKUP($K38, Power_Patch[Combined Rack Number and Outlet],Power_Patch[Fixture Type]), "") | F38: =_xlfn.IFNA(_xlfn.XLOOKUP($K38, Power_Patch[Combined Rack Number and Outlet],Power_Patch[Fixture Number]), "") | H38: =IFERROR(VLOOKUP(E38,ActiveFixtures,2,FALSE),"") | K38: =IF(ISBLANK(C38), "", $D$3&"-"&$C38) -> 6-29
C39: 30 | D39: =B35&".6" -> .6 | E39: =_xlfn.IFNA(_xlfn.XLOOKUP($K39, Power_Patch[Combined Rack Number and Outlet],Power_Patch[Fixture Type]), "") | F39: =_xlfn.IFNA(_xlfn.XLOOKUP($K39, Power_Patch[Combined Rack Number and Outlet],Power_Patch[Fixture Number]), "") | H39: =IFERROR(VLOOKUP(E39,ActiveFixtures,2,FALSE),"") | K39: =IF(ISBLANK(C39), "", $D$3&"-"&$C39) -> 6-30
K40: =IF(ISBLANK(C40), "", $D$3&"-"&$C40)
B41: Loom ID | C41: 31 | D41: =B42&".1" -> .1 | E41: =_xlfn.IFNA(_xlfn.XLOOKUP($K41, Power_Patch[Combined Rack Number and Outlet],Power_Patch[Fixture Type]), "") | F41: =_xlfn.IFNA(_xlfn.XLOOKUP($K41, Power_Patch[Combined Rack Number and Outlet],Power_Patch[Fixture Number]), "") | G41: =_xlfn.IFNA(_xlfn.XLOOKUP($K41, Power_Patch[Combined Rack Number and Outlet],Power_Patch[Location]), "") | H41: =IFERROR(VLOOKUP(E41,ActiveFixtures,2,FALSE),"") | K41: =IF(ISBLANK(C41), "", $D$3&"-"&$C41) -> 6-31
B42: =_xlfn.IFNA(_xlfn.XLOOKUP($K41, Power_Patch[Combined Rack Number and Outlet],Power_Patch[Multi Name]), "") | C42: 32 | D42: =B42&".2" -> .2 | E42: =_xlfn.IFNA(_xlfn.XLOOKUP($K42, Power_Patch[Combined Rack Number and Outlet],Power_Patch[Fixture Type]), "") | F42: =_xlfn.IFNA(_xlfn.XLOOKUP($K42, Power_Patch[Combined Rack Number and Outlet],Power_Patch[Fixture Number]), "") | H42: =IFERROR(VLOOKUP(E42,ActiveFixtures,2,FALSE),"") | K42: =IF(ISBLANK(C42), "", $D$3&"-"&$C42) -> 6-32
C43: 33 | D43: =B42&".3" -> .3 | E43: =_xlfn.IFNA(_xlfn.XLOOKUP($K43, Power_Patch[Combined Rack Number and Outlet],Power_Patch[Fixture Type]), "") | F43: =_xlfn.IFNA(_xlfn.XLOOKUP($K43, Power_Patch[Combined Rack Number and Outlet],Power_Patch[Fixture Number]), "") | H43: =IFERROR(VLOOKUP(E43,ActiveFixtures,2,FALSE),"") | K43: =IF(ISBLANK(C43), "", $D$3&"-"&$C43) -> 6-33
C44: 34 | D44: =B42&".4" -> .4 | E44: =_xlfn.IFNA(_xlfn.XLOOKUP($K44, Power_Patch[Combined Rack Number and Outlet],Power_Patch[Fixture Type]), "") | F44: =_xlfn.IFNA(_xlfn.XLOOKUP($K44, Power_Patch[Combined Rack Number and Outlet],Power_Patch[Fixture Number]), "") | H44: =IFERROR(VLOOKUP(E44,ActiveFixtures,2,FALSE),"") | K44: =IF(ISBLANK(C44), "", $D$3&"-"&$C44) -> 6-34
C45: 35 | D45: =B42&".5" -> .5 | E45: =_xlfn.IFNA(_xlfn.XLOOKUP($K45, Power_Patch[Combined Rack Number and Outlet],Power_Patch[Fixture Type]), "") | F45: =_xlfn.IFNA(_xlfn.XLOOKUP($K45, Power_Patch[Combined Rack Number and Outlet],Power_Patch[Fixture Number]), "") | H45: =IFERROR(VLOOKUP(E45,ActiveFixtures,2,FALSE),"") | K45: =IF(ISBLANK(C45), "", $D$3&"-"&$C45) -> 6-35
C46: 36 | D46: =B42&".6" -> .6 | E46: =_xlfn.IFNA(_xlfn.XLOOKUP($K46, Power_Patch[Combined Rack Number and Outlet],Power_Patch[Fixture Type]), "") | F46: =_xlfn.IFNA(_xlfn.XLOOKUP($K46, Power_Patch[Combined Rack Number and Outlet],Power_Patch[Fixture Number]), "") | H46: =IFERROR(VLOOKUP(E46,ActiveFixtures,2,FALSE),"") | K46: =IF(ISBLANK(C46), "", $D$3&"-"&$C46) -> 6-36
K47: =IF(ISBLANK(C47), "", $D$3&"-"&$C47)
B48: Loom ID | C48: 37 | D48: =B49&".1" -> .1 | E48: =_xlfn.IFNA(_xlfn.XLOOKUP($K48, Power_Patch[Combined Rack Number and Outlet],Power_Patch[Fixture Type]), "") | F48: =_xlfn.IFNA(_xlfn.XLOOKUP($K48, Power_Patch[Combined Rack Number and Outlet],Power_Patch[Fixture Number]), "") | G48: =_xlfn.IFNA(_xlfn.XLOOKUP($K48, Power_Patch[Combined Rack Number and Outlet],Power_Patch[Location]), "") | H48: =IFERROR(VLOOKUP(E48,ActiveFixtures,2,FALSE),"") | K48: =IF(ISBLANK(C48), "", $D$3&"-"&$C48) -> 6-37
B49: =_xlfn.IFNA(_xlfn.XLOOKUP($K48, Power_Patch[Combined Rack Number and Outlet],Power_Patch[Multi Name]), "") | C49: 38 | D49: =B49&".2" -> .2 | E49: =_xlfn.IFNA(_xlfn.XLOOKUP($K49, Power_Patch[Combined Rack Number and Outlet],Power_Patch[Fixture Type]), "") | F49: =_xlfn.IFNA(_xlfn.XLOOKUP($K49, Power_Patch[Combined Rack Number and Outlet],Power_Patch[Fixture Number]), "") | H49: =IFERROR(VLOOKUP(E49,ActiveFixtures,2,FALSE),"") | K49: =IF(ISBLANK(C49), "", $D$3&"-"&$C49) -> 6-38
C50: 39 | D50: =B49&".3" -> .3 | E50: =_xlfn.IFNA(_xlfn.XLOOKUP($K50, Power_Patch[Combined Rack Number and Outlet],Power_Patch[Fixture Type]), "") | F50: =_xlfn.IFNA(_xlfn.XLOOKUP($K50, Power_Patch[Combined Rack Number and Outlet],Power_Patch[Fixture Number]), "") | H50: =IFERROR(VLOOKUP(E50,ActiveFixtures,2,FALSE),"") | K50: =IF(ISBLANK(C50), "", $D$3&"-"&$C50) -> 6-39
C51: 40 | D51: =B49&".4" -> .4 | E51: =_xlfn.IFNA(_xlfn.XLOOKUP($K51, Power_Patch[Combined Rack Number and Outlet],Power_Patch[Fixture Type]), "") | F51: =_xlfn.IFNA(_xlfn.XLOOKUP($K51, Power_Patch[Combined Rack Number and Outlet],Power_Patch[Fixture Number]), "") | H51: =IFERROR(VLOOKUP(E51,ActiveFixtures,2,FALSE),"") | K51: =IF(ISBLANK(C51), "", $D$3&"-"&$C51) -> 6-40
C52: 41 | D52: =B49&".5" -> .5 | E52: =_xlfn.IFNA(_xlfn.XLOOKUP($K52, Power_Patch[Combined Rack Number and Outlet],Power_Patch[Fixture Type]), "") | F52: =_xlfn.IFNA(_xlfn.XLOOKUP($K52, Power_Patch[Combined Rack Number and Outlet],Power_Patch[Fixture Number]), "") | H52: =IFERROR(VLOOKUP(E52,ActiveFixtures,2,FALSE),"") | K52: =IF(ISBLANK(C52), "", $D$3&"-"&$C52) -> 6-41
C53: 42 | D53: =B49&".6" -> .6 | E53: =_xlfn.IFNA(_xlfn.XLOOKUP($K53, Power_Patch[Combined Rack Number and Outlet],Power_Patch[Fixture Type]), "") | F53: =_xlfn.IFNA(_xlfn.XLOOKUP($K53, Power_Patch[Combined Rack Number and Outlet],Power_Patch[Fixture Number]), "") | H53: =IFERROR(VLOOKUP(E53,ActiveFixtures,2,FALSE),"") | K53: =IF(ISBLANK(C53), "", $D$3&"-"&$C53) -> 6-42
K54: =IF(ISBLANK(C54), "", $D$3&"-"&$C54)
B55: Loom ID | C55: 43 | D55: =B56&".1" -> .1 | E55: =_xlfn.IFNA(_xlfn.XLOOKUP($K55, Power_Patch[Combined Rack Number and Outlet],Power_Patch[Fixture Type]), "") | F55: =_xlfn.IFNA(_xlfn.XLOOKUP($K55, Power_Patch[Combined Rack Number and Outlet],Power_Patch[Fixture Number]), "") | G55: =_xlfn.IFNA(_xlfn.XLOOKUP($K55, Power_Patch[Combined Rack Number and Outlet],Power_Patch[Location]), "") | H55: =IFERROR(VLOOKUP(E55,ActiveFixtures,2,FALSE),"") | K55: =IF(ISBLANK(C55), "", $D$3&"-"&$C55) -> 6-43
B56: =_xlfn.IFNA(_xlfn.XLOOKUP($K55, Power_Patch[Combined Rack Number and Outlet],Power_Patch[Multi Name]), "") | C56: 44 | D56: =B56&".2" -> .2 | E56: =_xlfn.IFNA(_xlfn.XLOOKUP($K56, Power_Patch[Combined Rack Number and Outlet],Power_Patch[Fixture Type]), "") | F56: =_xlfn.IFNA(_xlfn.XLOOKUP($K56, Power_Patch[Combined Rack Number and Outlet],Power_Patch[Fixture Number]), "") | H56: =IFERROR(VLOOKUP(E56,ActiveFixtures,2,FALSE),"") | K56: =IF(ISBLANK(C56), "", $D$3&"-"&$C56) -> 6-44
C57: 45 | D57: =B56&".3" -> .3 | E57: =_xlfn.IFNA(_xlfn.XLOOKUP($K57, Power_Patch[Combined Rack Number and Outlet],Power_Patch[Fixture Type]), "") | F57: =_xlfn.IFNA(_xlfn.XLOOKUP($K57, Power_Patch[Combined Rack Number and Outlet],Power_Patch[Fixture Number]), "") | H57: =IFERROR(VLOOKUP(E57,ActiveFixtures,2,FALSE),"") | K57: =IF(ISBLANK(C57), "", $D$3&"-"&$C57) -> 6-45
C58: 46 | D58: =B56&".4" -> .4 | E58: =_xlfn.IFNA(_xlfn.XLOOKUP($K58, Power_Patch[Combined Rack Number and Outlet],Power_Patch[Fixture Type]), "") | F58: =_xlfn.IFNA(_xlfn.XLOOKUP($K58, Power_Patch[Combined Rack Number and Outlet],Power_Patch[Fixture Number]), "") | H58: =IFERROR(VLOOKUP(E58,ActiveFixtures,2,FALSE),"") | K58: =IF(ISBLANK(C58), "", $D$3&"-"&$C58) -> 6-46
C59: 47 | D59: =B56&".5" -> .5 | E59: =_xlfn.IFNA(_xlfn.XLOOKUP($K59, Power_Patch[Combined Rack Number and Outlet],Power_Patch[Fixture Type]), "") | F59: =_xlfn.IFNA(_xlfn.XLOOKUP($K59, Power_Patch[Combined Rack Number and Outlet],Power_Patch[Fixture Number]), "") | H59: =IFERROR(VLOOKUP(E59,ActiveFixtures,2,FALSE),"") | K59: =IF(ISBLANK(C59), "", $D$3&"-"&$C59) -> 6-47
C60: 48 | D60: =B56&".6" -> .6 | E60: =_xlfn.IFNA(_xlfn.XLOOKUP($K60, Power_Patch[Combined Rack Number and Outlet],Power_Patch[Fixture Type]), "") | F60: =_xlfn.IFNA(_xlfn.XLOOKUP($K60, Power_Patch[Combined Rack Number and Outlet],Power_Patch[Fixture Number]), "") | H60: =IFERROR(VLOOKUP(E60,ActiveFixtures,2,FALSE),"") | K60: =IF(ISBLANK(C60), "", $D$3&"-"&$C60) -> 6-48
F61: AMPS PER PHASE 1 | H61: =SUM(H6,H9,H13,H16,H20,H23,H27,H30,H34,H37,H41,H44,H48,H51,H55,H58,H69,H72,H76,H79,H83,H86,H90,H93,H97,H100,H104,H107,H111,H114,H118,H121) -> 0 | K61: =IF(ISBLANK(C61), "", $D$3&"-"&$C61)
F62: AMPS PER PHASE 2 | H62: =SUM(H7,H10,H14,H17,H21,H24,H28,H31,H35,H38,H42,H45,H49,H52,H56,H59,H70,H73,H77,H80,H84,H87,H91,H94,H98,H101,H105,H108,H112,H115,H119,H122) -> 0 | K62: =IF(ISBLANK(C62), "", $D$3&"-"&$C62)
F63: AMPS PER PHASE 3 | H63: =SUM(H8,H11,H15,H18,H22,H25,H29,H32,H36,H39,H43,H46,H50,H53,H57,H60,H71,H74,H78,H81,H85,H88,H92,H95,H99,H102,H106,H109,H113,H116,H120,H123) -> 0 | K63: =IF(ISBLANK(C63), "", $D$3&"-"&$C63)
K64: =IF(ISBLANK(C64), "", $D$3&"-"&$C64)
B65: SHOW | D65: =Fixtures!C2 -> Untitled Show | K65: =IF(ISBLANK(C65), "", $D$3&"-"&$C65)
B66: B: RACK# | D66: =D3 -> 6 | K66: =IF(ISBLANK(C66), "", $D$3&"-"&$C66)
K67: =IF(ISBLANK(C67), "", $D$3&"-"&$C67)
C68: CHL | D68: CIRCUT | E68: FIXTURE | F68: FIX. NO. | G68: LOCATION | H68: AMPS | K68: =IF(ISBLANK(C68), "", $D$3&"-"&$C68) -> 6-CHL
